หมายเลขงบ,ชื่องบ,จำนวนรวม,หมายเลขงบแผนงาน,งบแผนงาน,ประเภทแผนงาน,แผนงาน
1,งบกลาง,14878887438,ก,486536500,ทั่วไป/บริหาร/อื่นๆ,เงินสำรองจ่ายท่ัวไป
1,งบกลาง,14878887438,ข,2700000000,ทั่วไป/บริหาร/อื่นๆ,เงินช่วยเหลือข้าราชการและลูกจ้าง
1,งบกลาง,14878887438,ค,650000000,ทั่วไป/บริหาร/อื่นๆ,เงินบำเหน็จลูกจ้าง
1,งบกลาง,14878887438,ง,200000000,โยธา/ก่อสร้าง/จราจร,ค่าติดต้ังไฟฟ้าสาธารณะ
1,งบกลาง,14878887438,จ,20000000,ทั่วไป/บริหาร/อื่นๆ,เงินสำรองสำหรับค่างาน ส่วนท่ีเพิ่มตามสัญญา แบบปรับราคาได้
1,งบกลาง,14878887438,ช,4395109000,ทั่วไป/บริหาร/อื่นๆ,ค่าใช้จ่ายเก่ียวกับภารกิจและ หรือนโยบายท่ีได้รับมอบจากรัฐบาล
1,งบกลาง,14878887438,ซ,2000000000,ทั่วไป/บริหาร/อื่นๆ,เงินรางวัลและเงินช่วยเหลือสำหรับผลการปฏิบัติราชการประจำปี
1,งบกลาง,14878887438,ญ,1555873938,ทั่วไป/บริหาร/อื่นๆ,เงินสำรองสำหรับภาระผูกพันท่ีค้างจ่ายตามกฎหมาย
1,งบกลาง,14878887438,ฎ,218000000,พัฒนาชุมชน/อาชีพ,เงินช่วยค่าครองชีพผู้ได้รับบำนาญของกรุงเทพมหานคร
1,งบกลาง,14878887438,ฏ,2353368000,ทั่วไป/บริหาร/อื่นๆ,เงินสำรองสำหรับจ่ายเป็นเงินบำเหน็จบำนาญข้าราชการกรุงเทพมหานคร
2,สำนักงานเลขานุการสภากรุงเทพมหานคร,82258900,,82258900,ทั่วไป/บริหาร/อื่นๆ,รายจ่ายประจำ: งานบริหารท่ัวไป
3,สำนักงานเลขานุการผู้ว่าราชการกรุงเทพมหานคร,70920000,,70920000,ทั่วไป/บริหาร/อื่นๆ,รายจ่ายประจำ: งานบริหารท่ัวไป
4,สำนักงานคณะกรรมการข้าราชการกรุงเทพมหานคร,199359000,,199359000,ทั่วไป/บริหาร/อื่นๆ,รายจ่ายประจำ: งานบริหารงานบุคคล
5,สำนักปลัดกรุงเทพมหานคร,1252316900,,1252316900,ทั่วไป/บริหาร/อื่นๆ,รายจ่ายประจำ
5,สำนักปลัดกรุงเทพมหานคร,1252316900,ก,222688400,ทั่วไป/บริหาร/อื่นๆ,แผนงานบริหารท่ัวไป
5,สำนักปลัดกรุงเทพมหานคร,1252316900,ข,302761800,ทั่วไป/บริหาร/อื่นๆ,แผนงานบริหารงานปกครองและทะเบียน: งานปกครองและทะเบียน
5,สำนักปลัดกรุงเทพมหานคร,1252316900,ค,29591800,การคลัง,แผนงานบริหารการคลัง: งานตรวจสอบภายใน
5,สำนักปลัดกรุงเทพมหานคร,1252316900,ง,160469500,ทั่วไป/บริหาร/อื่นๆ,แผนงานบริหารงานบุคคล
5,สำนักปลัดกรุงเทพมหานคร,1252316900,จ,536805400,ทั่วไป/บริหาร/อื่นๆ,แผนงานส่งเสริมระบบบริหาร
6,สำนักการแพทย์,4124634800,,4124634800,ทั่วไป/บริหาร/อื่นๆ,รายจ่ายประจำ
6,สำนักการแพทย์,4124634800,ก,99145300,อนามัย/สาธารณะสุข,แผนงานบริหารท่ัวไป: งานบริหารท่ัวไปด้านการสาธารณสุข
6,สำนักการแพทย์,4124634800,ข,4008758600,การแพทย์/โรงพยาบาล,แผนงานบริการด้านการแพทย์
6,สำนักการแพทย์,4124634800,ค,16730900,การแพทย์/โรงพยาบาล,แผนงานพัฒนาด้านการแพทย์และอนามัย: งานพัฒนาระบบบริการทางการแพทย์
7,สำนักอนามัย,2474279800,,2474279800,ทั่วไป/บริหาร/อื่นๆ,รายจ่ายประจำ
7,สำนักอนามัย,2474279800,ก,85100100,ทั่วไป/บริหาร/อื่นๆ,แผนงานบริหารท่ัวไป
7,สำนักอนามัย,2474279800,ข,64194500,สิ่งแวดล้อม,แผนงานอนามัยส่ิงแวดล้อม
7,สำนักอนามัย,2474279800,ค,2324985200,อนามัย/สาธารณะสุข,แผนงานอนามัย
8,สำนักการศึกษา,1241703800,,1241703800,ทั่วไป/บริหาร/อื่นๆ,รายจ่ายประจำ
8,สำนักการศึกษา,1241703800,ก,511645100,ทั่วไป/บริหาร/อื่นๆ,แผนงานบริหารท่ัวไป
8,สำนักการศึกษา,1241703800,ข,730058700,การศึกษา,แผนงานพัฒนาคุณภาพการศึกษา
9,สำนักการโยธา,9229858000,,9229858000,ทั่วไป/บริหาร/อื่นๆ,รายจ่ายประจำ
9,สำนักการโยธา,9229858000,ก,134049980,ทั่วไป/บริหาร/อื่นๆ,แผนงานบริหารท่ัวไป
9,สำนักการโยธา,9229858000,ข,7504680720,โยธา/ก่อสร้าง/จราจร,แผนงานการโยธา
9,สำนักการโยธา,9229858000,,8000000,โยธา/ก่อสร้าง/จราจร,ถนนหน้าพระลาน
9,สำนักการโยธา,9229858000,ค,1591127300,โยธา/ก่อสร้าง/จราจร,แผนงานพัฒนาการโยธาและระบบจราจร
10,สำนักการระบายน้ำ,8213452000,,8213452000,น้ำท่วม/ทางเท้า,รายจ่ายประจำ
10,สำนักการระบายน้ำ,8213452000,ก,37969359,น้ำท่วม/ทางเท้า,แผนงานบริหารท่ัวไป: งานบริหารท่ัวไปด้านการระบายน้ำ
10,สำนักการระบายน้ำ,8213452000,ข,2499271826,น้ำท่วม/ทางเท้า,แผนงานพัฒนาระบบระบายน้ำ
10,สำนักการระบายน้ำ,8213452000,ค,2765737870,น้ำท่วม/ทางเท้า,แผนงานจัดการระบายน้ำและแก้ไขปัญหาน้ำท่วม
10,สำนักการระบายน้ำ,8213452000,ง,2910472945,น้ำท่วม/ทางเท้า,แผนงานจัดการคุณภาพน้ำ
10,สำนักการระบายน้ำ,8213452000,,160804000,น้ำท่วม/ทางเท้า,ริมคลองแสนแสบช่วงถนนวิทยุ-คลองตัน เข้าโรงควบคุมคุณภาพน้ำดินแดง
11,สำนักการคลัง,3606450400,,3606450400,ทั่วไป/บริหาร/อื่นๆ,รายจ่ายประจำ
11,สำนักการคลัง,3606450400,ก,21528800,ทั่วไป/บริหาร/อื่นๆ,แผนงานบริหารท่ัวไป: งานบริหารท่ัวไป
11,สำนักการคลัง,3606450400,ข,3230030900,การคลัง,แผนงานบริหารการคลัง
11,สำนักการคลัง,3606450400,ค,354890700,ทั่วไป/บริหาร/อื่นๆ,แผนงานส่งเสริมระบบบริหาร
12,สำนักเทศกิจ,184580000,,184580000,ทั่วไป/บริหาร/อื่นๆ,รายจ่ายประจำ
12,สำนักเทศกิจ,184580000,ก,40694400,เทศกิจ/รักษาความสะอาด,แผนงานบริหารท่ัวไป: งานบริหารท่ัวไปด้านการรักษาความสะอาด
12,สำนักเทศกิจ,184580000,ข,27442200,ทั่วไป/บริหาร/อื่นๆ,แผนงานส่งเสริมระบบบริหาร: งานศูนย์วิทยุสื่อสารกรุงเทพมหานคร
12,สำนักเทศกิจ,184580000,ค,12513700,ทั่วไป/บริหาร/อื่นๆ,แผนงานพัฒนาและส่งเสริม: งานนโยบายและแผนงาน
12,สำนักเทศกิจ,184580000,ง,103929700,ทั่วไป/บริหาร/อื่นๆ,แผนงานรักษาความเป็นระเบียบเรียบร้อย
13,สำนักการจราจรและขนส่ง,4327231000,,4327231000,ทั่วไป/บริหาร/อื่นๆ,รายจ่ายประจำ
13,สำนักการจราจรและขนส่ง,4327231000,ก,26537900,ทั่วไป/บริหาร/อื่นๆ,แผนงานบริหารท่ัวไป: งานบริหารท่ัวไปด้านการโยธาและระบบจราจร
13,สำนักการจราจรและขนส่ง,4327231000,ข,4300693100,ทั่วไป/บริหาร/อื่นๆ,แผนงานพัฒนาการใช้ท่ีดินและระบบจราจร
13,สำนักการจราจรและขนส่ง,4327231000,,923119000,โยธา/ก่อสร้าง/จราจร,สายไฟฟ้าอากาศเป็นสายไฟฟ้าใต้ดินของการไฟฟ้านครหลวง บริเวณถนนรัชดาภิเษก - ถนนพระราม  และบริเวณถนนรัชดาภิเษก - ถนนอโศก
13,สำนักการจราจรและขนส่ง,4327231000,,12302200,พัฒนาชุมชน/อาชีพ,ต่อการเกิดอาชญากรรมในพื้นท่ีกลุ่มกรุงเทพตะวันออก
14,สำนักป้องกันและบรรเทาสาธารณภัย,424927020,,424927020,ทั่วไป/บริหาร/อื่นๆ,รายจ่ายประจำ
14,สำนักป้องกันและบรรเทาสาธารณภัย,424927020,ก,48956100,พัฒนาชุมชน/อาชีพ,แผนงานบริหารท่ัวไป: งานบริหารท่ัวไปด้านการพัฒนาและบริการสังคม
14,สำนักป้องกันและบรรเทาสาธารณภัย,424927020,ข,375970920,พัฒนาชุมชน/อาชีพ,แผนงานป้องกันและบรรเทาสาธารณภัย
15,สำนักงบประมาณกรุงเทพมหานคร,103406000,,103406000,ทั่วไป/บริหาร/อื่นๆ,รายจ่ายประจำ
15,สำนักงบประมาณกรุงเทพมหานคร,103406000,ก,41802900,ทั่วไป/บริหาร/อื่นๆ,แผนงานบริหารท่ัวไป: งานบริหารท่ัวไป
15,สำนักงบประมาณกรุงเทพมหานคร,103406000,ข,61603100,การคลัง,แผนงานบริหารการคลัง: งานงบประมาณ
16,สำนักยุทธศาสตร์และประเมินผล,706753000,,706753000,ทั่วไป/บริหาร/อื่นๆ,รายจ่ายประจำ
16,สำนักยุทธศาสตร์และประเมินผล,706753000,ก,17628300,ทั่วไป/บริหาร/อื่นๆ,แผนงานบริหารท่ัวไป: งานบริหารท่ัวไป
16,สำนักยุทธศาสตร์และประเมินผล,706753000,ข,663090300,ทั่วไป/บริหาร/อื่นๆ,แผนงานส่งเสริมระบบบริหาร
16,สำนักยุทธศาสตร์และประเมินผล,706753000,ค,26034400,โยธา/ก่อสร้าง/จราจร,แผนงานพัฒนาการใช้ท่ีดินและระบบจราจร: งานสารสนเทศภูมิศาสตร์
17,สำนักส่ิงแวดล้อม,7542229000,,7542229000,ทั่วไป/บริหาร/อื่นๆ,รายจ่ายประจำ
17,สำนักส่ิงแวดล้อม,7542229000,ก,75096550,เทศกิจ/รักษาความสะอาด,แผนงานบริหารท่ัวไป: งานบริหารท่ัวไปด้านการรักษาความสะอาด
17,สำนักส่ิงแวดล้อม,7542229000,ข,53280813,เทศกิจ/รักษาความสะอาด,แผนงานพัฒนาและส่งเสริม
17,สำนักส่ิงแวดล้อม,7542229000,ค,5955074487,เทศกิจ/รักษาความสะอาด,แผนงานรักษาความสะอาด
17,สำนักส่ิงแวดล้อม,7542229000,,587193800,เทศกิจ/รักษาความสะอาด,อย่างถูกสุขลักษณะ
17,สำนักส่ิงแวดล้อม,7542229000,,1000000,เทศกิจ/รักษาความสะอาด,อย่างถูกหลักสุขาภิบาล
17,สำนักส่ิงแวดล้อม,7542229000,ง,1458777150,สิ่งแวดล้อม,แผนงานพัฒนาสภาวะส่ิงแวดล้อม
18,สำนักวัฒนธรรม กีฬาและการท่องเท่ียว,1397374600,,1397374600,ทั่วไป/บริหาร/อื่นๆ,รายจ่ายประจำ
18,สำนักวัฒนธรรม กีฬาและการท่องเท่ียว,1397374600,ก,70225400,ทั่วไป/บริหาร/อื่นๆ,แผนงานบริหารท่ัวไป: งานบริหารท่ัวไปด้านการพัฒนาและบริการสังคม
18,สำนักวัฒนธรรม กีฬาและการท่องเท่ียว,1397374600,ข,681076700,พัฒนาชุมชน/อาชีพ,แผนงานบริการสังคม
18,สำนักวัฒนธรรม กีฬาและการท่องเท่ียว,1397374600,ค,81099400,ท่องเที่ยว/กีฬา,แผนงานการท่องเท่ียว: งานวัฒนธรรมและการท่องเท่ียว
18,สำนักวัฒนธรรม กีฬาและการท่องเท่ียว,1397374600,ง,564973100,ท่องเที่ยว/กีฬา,แผนงานการกีฬา
19,สำนักพัฒนาสังคม,424785000,,424785000,ทั่วไป/บริหาร/อื่นๆ,รายจ่ายประจำ
19,สำนักพัฒนาสังคม,424785000,ก,22941600,พัฒนาชุมชน/อาชีพ,แผนงานบริหารท่ัวไป: งานบริหารท่ัวไปด้านการพัฒนาและบริการสังคม
19,สำนักพัฒนาสังคม,424785000,ข,66178000,พัฒนาชุมชน/อาชีพ,แผนงานบริการสังคม: งานสวัสดิการสังคม
19,สำนักพัฒนาสังคม,424785000,ค,80444700,พัฒนาชุมชน/อาชีพ,แผนงานพัฒนาชุมชน
19,สำนักพัฒนาสังคม,424785000,ง,255220700,พัฒนาชุมชน/อาชีพ,แผนงานส่งเสริมอาชีพ
20,สำนักการวางผังและพัฒนาเมือง,316341000,,316341000,ทั่วไป/บริหาร/อื่นๆ,รายจ่ายประจำ
20,สำนักการวางผังและพัฒนาเมือง,316341000,ก,25886500,ขนส่งสาธารณะ,แผนงานบริหารท่ัวไป: งานบริหารท่ัวไปด้านการโยธาและระบบจราจร
20,สำนักการวางผังและพัฒนาเมือง,316341000,ข,290454500,โยธา/ก่อสร้าง/จราจร,แผนงานพัฒนาการใช้ท่ีดินและระบบจราจร
21,สำนักงานเขตพระนคร,412864000,,412864000,ทั่วไป/บริหาร/อื่นๆ,รายจ่ายประจำ
21,สำนักงานเขตพระนคร,412864000,ก,26040000,ทั่วไป/บริหาร/อื่นๆ,แผนงานบริหารงานปกครองและทะเบียน
21,สำนักงานเขตพระนคร,412864000,ข,10676100,การคลัง,แผนงานบริหารการคลัง
21,สำนักงานเขตพระนคร,412864000,ค,192224300,เทศกิจ/รักษาความสะอาด,แผนงานรักษาความสะอาด: งานรักษาความสะอาด
21,สำนักงานเขตพระนคร,412864000,ง,73902900,เทศกิจ/รักษาความสะอาด,แผนงานรักษาความเป็นระเบียบเรียบร้อย: งานบริหารและบังคับการเทศกิจ
21,สำนักงานเขตพระนคร,412864000,จ,13901000,โยธา/ก่อสร้าง/จราจร,แผนงานการโยธา: งานการโยธา
21,สำนักงานเขตพระนคร,412864000,,8121900,น้ำท่วม/ทางเท้า,งานการระบายน้ำและแก้ไขปัญหาน้ำท่วม
21,สำนักงานเขตพระนคร,412864000,ช,26083100,สิ่งแวดล้อม,แผนงานพัฒนาสภาวะส่ิงแวดล้อม: งานปลูกและบำรุงรักษาต้นไม้
21,สำนักงานเขตพระนคร,412864000,ซ,11621000,พัฒนาชุมชน/อาชีพ,แผนงานพัฒนาชุมชน: งานพัฒนาชุมชน
21,สำนักงานเขตพระนคร,412864000,,6791400,อนามัย/สาธารณะสุข,งานควบคุมอนามัย
21,สำนักงานเขตพระนคร,412864000,ญ,43502300,การศึกษา,แผนงา��บริหารการศึกษา: งานบริหารการศึกษา
22,สำนักงานเขตป้อมปราบศัตรูพ่าย,252196000,,252196000,ทั่วไป/บริหาร/อื่นๆ,รายจ่ายประจำ
22,สำนักงานเขตป้อมปราบศัตรูพ่าย,252196000,ก,30211700,ทั่วไป/บริหาร/อื่นๆ,แผนงานบริหารงานปกครองและทะเบียน
22,สำนักงานเขตป้อมปราบศัตรูพ่าย,252196000,ข,9054800,การคลัง,แผนงานบริหารการคลัง
22,สำนักงานเขตป้อมปราบศัตรูพ่าย,252196000,ค,113250200,เทศกิจ/รักษาความสะอาด,แผนงานรักษาความสะอาด: งานรักษาความสะอาด
22,สำนักงานเขตป้อมปราบศัตรูพ่าย,252196000,ง,28603000,เทศกิจ/รักษาความสะอาด,แผนงานรักษาความเป็นระเบียบเรียบร้อย: งานบริหารและบังคับการเทศกิจ
22,สำนักงานเขตป้อมปราบศัตรูพ่าย,252196000,จ,13342100,โยธา/ก่อสร้าง/จราจร,แผนงานการโยธา: งานการโยธา
22,สำนักงานเขตป้อมปราบศัตรูพ่าย,252196000,,5315100,น้ำท่วม/ทางเท้า,งานการระบายน้ำและแก้ไขปัญหาน้ำท่วม
22,สำนักงานเขตป้อมปราบศัตรูพ่าย,252196000,ช,14131200,สิ่งแวดล้อม,แผนงานพัฒนาสภาวะส่ิงแวดล้อม: งานปลูกและบำรุงรักษาต้นไม้
22,สำนักงานเขตป้อมปราบศัตรูพ่าย,252196000,ซ,13499900,พัฒนาชุมชน/อาชีพ,แผนงานพัฒนาชุมชน: งานพัฒนาชุมชน
22,สำนักงานเขตป้อมปราบศัตรูพ่าย,252196000,,6204100,อนามัย/สาธารณะสุข,งานควบคุมอนามัย
22,สำนักงานเขตป้อมปราบศัตรูพ่าย,252196000,ญ,18583900,การศึกษา,แผนงานบริหารการศึกษา: งานบริหารการศึกษา
23,สำนักงานเขตสัมพันธวงศ์,208176600,,208176600,ทั่วไป/บริหาร/อื่นๆ,รายจ่ายประจำ
23,สำนักงานเขตสัมพันธวงศ์,208176600,ก,27048900,ทั่วไป/บริหาร/อื่นๆ,แผนงานบริหารงานปกครองและทะเบียน
23,สำนักงานเขตสัมพันธวงศ์,208176600,ข,10521800,การคลัง,แผนงานบริหารการคลัง
23,สำนักงานเขตสัมพันธวงศ์,208176600,ค,76505600,เทศกิจ/รักษาความสะอาด,แผนงานรักษาความสะอาด: งานรักษาความสะอาด
23,สำนักงานเขตสัมพันธวงศ์,208176600,ง,22271700,เทศกิจ/รักษาความสะอาด,แผนงานรักษาความเป็นระเบียบเรียบร้อย: งานบริหารและบังคับการเทศกิจ
23,สำนักงานเขตสัมพันธวงศ์,208176600,จ,20484200,โยธา/ก่อสร้าง/จราจร,แผนงานการโยธา: งานการโยธา
23,สำนักงานเขตสัมพันธวงศ์,208176600,,5733600,น้ำท่วม/ทางเท้า,งานการระบายน้ำและแก้ไขปัญหาน้ำท่วม
23,สำนักงานเขตสัมพันธวงศ์,208176600,ช,7788100,สิ่งแวดล้อม,แผนงานพัฒนาสภาวะส่ิงแวดล้อม: งานปลูกและบำรุงรักษาต้นไม้
23,สำนักงานเขตสัมพันธวงศ์,208176600,ซ,16113300,พัฒนาชุมชน/อาชีพ,แผนงานพัฒนาชุมชน: งานพัฒนาชุมชน
23,สำนักงานเขตสัมพันธวงศ์,208176600,,4806100,อนามัย/สาธารณะสุข,งานควบคุมอนามัย
23,สำนักงานเขตสัมพันธวงศ์,208176600,ญ,16903300,การศึกษา,แผนงานบริหารการศึกษา
24,สำนักงานเขตบางรัก,246445000,,246445000,ทั่วไป/บริหาร/อื่นๆ,รายจ่ายประจำ
24,สำนักงานเขตบางรัก,246445000,ก,22322100,ทั่วไป/บริหาร/อื่นๆ,แผนงานบริหารงานปกครองและทะเบียน
24,สำนักงานเขตบางรัก,246445000,ข,11550600,การคลัง,แผนงานบริหารการคลัง
24,สำนักงานเขตบางรัก,246445000,ค,113844780,เทศกิจ/รักษาความสะอาด,แผนงานรักษาความสะอาด: งานรักษาความสะอาด
24,สำนักงานเขตบางรัก,246445000,ง,21961000,เทศกิจ/รักษาความสะอาด,แผนงานรักษาความเป็นระเบียบเรียบร้อย: งานบริหารและบังคับการเทศกิจ
24,สำนักงานเขตบางรัก,246445000,จ,19772600,โยธา/ก่อสร้าง/จราจร,แผนงานการโยธา: งานการโยธา
24,สำนักงานเขตบางรัก,246445000,,7340800,น้ำท่วม/ทางเท้า,งานการระบายน้ำและแก้ไขปัญหาน้ำท่วม
24,สำนักงานเขตบางรัก,246445000,ช,12075400,สิ่งแวดล้อม,แผนงานพัฒนาสภาวะส่ิงแวดล้อม: งานปลูกและบำรุงรักษาต้นไม้
24,สำนักงานเขตบางรัก,246445000,ซ,14167800,พัฒนาชุมชน/อาชีพ,แผนงานพัฒนาชุมชน: งานพัฒนาชุมชน
24,สำนักงานเขตบางรัก,246445000,,5263800,อนามัย/สาธารณะสุข,งานควบคุมอนามัย
24,สำนักงานเขตบางรัก,246445000,ญ,18146120,การศึกษา,แผนงานบริหารการศึกษา: งานบริหารการศึกษา
25,สำนักงานเขตปทุมวัน,354141000,,354141000,ทั่วไป/บริหาร/อื่นๆ,รายจ่ายประจำ
25,สำนักงานเขตปทุมวัน,354141000,ก,38812200,ทั่วไป/บริหาร/อื่นๆ,แผนงานบริหารงานปกครองและทะเบียน
25,สำนักงานเขตปทุมวัน,354141000,ข,9623900,การคลัง,แผนงานบริหารการคลัง
25,สำนักงานเขตปทุมวัน,354141000,ค,150362600,เทศกิจ/รักษาความสะอาด,แผนงานรักษาความสะอาด: งานรักษาความสะอาด
25,สำนักงานเขตปทุมวัน,354141000,ง,24010200,เทศกิจ/รักษาความสะอาด,แผนงานรักษาความเป็นระเบียบเรียบร้อย: งานบริหารและบังคับการเทศกิจ
25,สำนักงานเขตปทุมวัน,354141000,จ,23082000,โยธา/ก่อสร้าง/จราจร,แผนงานการโยธา: งานการโยธา
25,สำนักงานเขตปทุมวัน,354141000,,5831400,น้ำท่วม/ทางเท้า,งานการระบายน้ำและแก้ไขปัญหาน้ำท่วม
25,สำนักงานเขตปทุมวัน,354141000,ช,19880700,สิ่งแวดล้อม,แผนงานพัฒนาสภาวะส่ิงแวดล้อม: งานปลูกและบำรุงรักษาต้นไม้
25,สำนักงานเขตปทุมวัน,354141000,ซ,26464000,พัฒนาชุมชน/อาชีพ,แผนงานพัฒนาชุมชน: งานพัฒนาชุมชน
25,สำนักงานเขตปทุมวัน,354141000,,5735000,อนามัย/สาธารณะสุข,งานควบคุมอนามัย
25,สำนักงานเขตปทุมวัน,354141000,ญ,50339000,การศึกษา,แผนงานบริหารการศึกษา
26,สำนักงานเขตยานนาวา,310196614,,310196614,ทั่วไป/บริหาร/อื่นๆ,รายจ่ายประจำ
26,สำนักงานเขตยานนาวา,310196614,ก,27628700,ทั่วไป/บริหาร/อื่นๆ,แผนงานบริหารงานปกครองและทะเบียน
26,สำนักงานเขตยานนาวา,310196614,ข,10636875,การคลัง,แผนงานบริหารการคลัง
26,สำนักงานเขตยานนาวา,310196614,ค,130687300,เทศกิจ/รักษาความสะอาด,แผนงานรักษาความสะอาด: งานรักษาความสะอาด
26,สำนักงานเขตยานนาวา,310196614,ง,13696300,เทศกิจ/รักษาความสะอาด,แผนงานรักษาความเป็นระเบียบเรียบร้อย: งานบริหารและบังคับการเทศกิจ
26,สำนักงานเขตยานนาวา,310196614,จ,12713000,โยธา/ก่อสร้าง/จราจร,แผนงานการโยธา: งานการโยธา
26,สำนักงานเขตยานนาวา,310196614,ช,20063000,สิ่งแวดล้อม,แผนงานพัฒนาสภาวะส่ิงแวดล้อม: งานปลูกและบำรุงรักษาต้นไม้
26,สำนักงานเขตยานนาวา,310196614,ซ,19715600,พัฒนาชุมชน/อาชีพ,แผนงานพัฒนาชุมชน: งานพัฒนาชุมชน
26,สำนักงานเขตยานนาวา,310196614,,5277485,อนามัย/สาธารณะสุข,งานควบคุมอนามัย
26,สำนักงานเขตยานนาวา,310196614,ญ,35796700,การศึกษา,แผนงานบริหารการศึกษา: งานบริหารการศึกษา
27,สำนักงานเขตดุสิต,401245000,,401245000,ทั่วไป/บริหาร/อื่นๆ,รายจ่ายประจำ
27,สำนักงานเขตดุสิต,401245000,ก,44663100,ทั่วไป/บริหาร/อื่นๆ,แผนงานบริหารงานปกครองและทะเบียน
27,สำนักงานเขตดุสิต,401245000,ข,11408200,การคลัง,แผนงานบริหารการคลัง
27,สำนักงานเขตดุสิต,401245000,ค,173520000,เทศกิจ/รักษาความสะอาด,แผนงานรักษาความสะอาด: งานรักษาความสะอาด
27,สำนักงานเขตดุสิต,401245000,ง,32906800,ทั่วไป/บริหาร/อื่นๆ,แผนงานรักษาความเป็นระเบียบเรียบร้อย: งานบริหารและบังคับการเทศกิจ
27,สำนักงานเขตดุสิต,401245000,จ,13398600,โยธา/ก่อสร้าง/จราจร,แผนงานการโยธา: งานการโยธา
27,สำนักงานเขตดุสิต,401245000,,15364700,น้ำท่วม/ทางเท้า,งานการระบายน้ำและแก้ไขปัญหาน้ำท่วม
27,สำนักงานเขตดุสิต,401245000,ช,22129400,สิ่งแวดล้อม,แผนงานพัฒนาสภาวะส่ิงแวดล้อม: งานปลูกและบำรุงรักษาต้นไม้
27,สำนักงานเขตดุสิต,401245000,ซ,24394700,พัฒนาชุมชน/อาชีพ,แผนงานพัฒนาชุมชน: งานพัฒนาชุมชน
27,สำนักงานเขตดุสิต,401245000,,6467800,อนามัย/สาธารณะสุข,งานควบคุมอนามัย
27,สำนักงานเขตดุสิต,401245000,ญ,56991700,การศึกษา,แผนงานบริหารการศึกษา: งานบริหารการศึกษา
28,สำนักงานเขตพญาไท,335172500,,335172500,ทั่วไป/บริหาร/อื่นๆ,รายจ่ายประจำ
28,สำนักงานเขตพญาไท,335172500,ก,35574800,ทั่วไป/บริหาร/อื่นๆ,แผนงานบริหารงานปกครองและทะเบียน
28,สำนักงานเขตพญาไท,335172500,ข,10959000,การคลัง,แผนงานบริหารการคลัง
28,สำนักงานเขตพญาไท,335172500,ค,144999500,เทศกิจ/รักษาความสะอาด,แผนงานรักษาความสะอาด: งานรักษาความสะอาด
28,สำนักงานเขตพญาไท,335172500,ง,21563500,เทศกิจ/รักษาความสะอาด,แผนงานรักษาความเป็นระเบียบเรียบร้อย: งานบริหารและบังคับการเทศกิจ
28,สำนักงานเขตพญาไท,335172500,จ,35281700,โยธา/ก่อสร้าง/จราจร,แผนงานการโยธา: งานการโยธา
28,สำนักงานเขตพญาไท,335172500,,17801600,น้ำท่วม/ทางเท้า,งานการระบายน้ำและแก้ไขปัญหาน้ำท่วม
28,สำนักงานเขตพญาไท,335172500,ช,22853500,สิ่งแวดล้อม,แผนงานพัฒนาสภาวะส่ิงแวดล้อม: งานปลูกและบำรุงรักษาต้นไม้
28,สำนักงานเขตพญาไท,335172500,ซ,25509100,พัฒนาชุมชน/อาชีพ,แผนงานพัฒนาชุมชน: งานพัฒนาชุมชน
28,สำนักงานเขตพญาไท,335172500,,6001400,อนามัย/สาธารณะสุข,งานควบคุมอนามัย
28,สำนักงานเขตพญาไท,335172500,ญ,14628400,การศึกษา,แผนงานบริหารการศึกษา: งานบริหารการศึกษา
29,สำนักงานเขตห้วยขวาง,352262000,,352262000,ทั่วไป/บริหาร/อื่นๆ,รายจ่ายประจำ
29,สำนักงานเขตห้วยขวาง,352262000,ก,29403800,ทั่วไป/บริหาร/อื่นๆ,แผนงานบริหารงานปกครองและทะเบียน
29,สำนักงานเขตห้วยขวาง,352262000,ข,12503600,การคลัง,แผนงานบริหารการคลัง
29,สำนักงานเขตห้วยขวาง,352262000,ค,141522600,เทศกิจ/รักษาความสะอาด,แผนงานรักษาความสะอาด: งานรักษาความสะอาด
29,สำนักงานเขตห้วยขวาง,352262000,ง,17420700,เทศกิจ/รักษาความสะอาด,แผนงานรักษาความเป็นระเบียบเรียบร้อย: งานบริหารและบังคับการเทศกิจ
29,สำนักงานเขตห้วยขวาง,352262000,จ,44650400,โยธา/ก่อสร้าง/จราจร,แผนงานการโยธา: งานการโยธา
29,สำนักงานเขตห้วยขวาง,352262000,,17800800,น้ำท่วม/ทางเท้า,งานการระบายน้ำและแก้ไขปัญหาน้ำท่วม
29,สำนักงานเขตห้วยขวาง,352262000,ช,27137400,สิ่งแวดล้อม,แผนงานพัฒนาสภาวะส่ิงแวดล้อม: งานปลูกและบำรุงรักษาต้นไม้
29,สำนักงานเขตห้วยขวาง,352262000,ซ,19820300,พัฒนาชุมชน/อาชีพ,แผนงานพัฒนาชุมชน: งานพัฒนาชุมชน
29,สำนักงานเขตห้วยขวาง,352262000,,6976600,อนามัย/สาธารณะสุข,งานควบคุมอนามัย
29,สำนักงานเขตห้วยขวาง,352262000,ญ,35025800,การศึกษา,แผนงานบริหารการศึกษา: งานบริหารการศึกษา
30,สำนักงานเขตพระโขนง,281172800,,281172800,ทั่วไป/บริหาร/อื่นๆ,รายจ่ายประจำ
30,สำนักงานเขตพระโขนง,281172800,ก,25858200,ทั่วไป/บริหาร/อื่นๆ,แผนงานบริหารงานปกครองและทะเบียน
30,สำนักงานเขตพระโขนง,281172800,ข,9878500,การคลัง,แผนงานบริหารการคลัง
30,สำนักงานเขตพระโขนง,281172800,ค,96871000,เทศกิจ/รักษาความสะอาด,แผนงานร���กษาความสะอาด: งานรักษาความสะอาด
30,สำนักงานเขตพระโขนง,281172800,ง,12435300,เทศกิจ/รักษาความสะอาด,แผนงานรักษาความเป็นระเบียบเรียบร้อย: งานบริหารและบังคับการเทศกิจ
30,สำนักงานเขตพระโขนง,281172800,จ,20711900,โยธา/ก่อสร้าง/จราจร,แผนงานการโยธา: งานการโยธา
30,สำนักงานเขตพระโขนง,281172800,ช,19442100,สิ่งแวดล้อม,แผนงานพัฒนาสภาวะส่ิงแวดล้อม: งานปลูกและบำรุงรักษาต้นไม้
30,สำนักงานเขตพระโขนง,281172800,ซ,26240700,พัฒนาชุมชน/อาชีพ,แผนงานพัฒนาชุมชน: งานพัฒนาชุมชน
30,สำนักงานเขตพระโขนง,281172800,,5749300,อนามัย/สาธารณะสุข,งานควบคุมอนาม��ย
30,สำนักงานเขตพระโขนง,281172800,ญ,27036500,การศึกษา,แผนงานบริหารการศึกษา: งานบริหารการศึกษา
31,สำนักงานเขตบางกะปิ,524131000,,524131000,ทั่วไป/บริหาร/อื่นๆ,รายจ่ายประจำ
31,สำนักงานเขตบางกะปิ,524131000,ก,29521600,ทั่วไป/บริหาร/อื่นๆ,แผนงานบริหารงานปกครองและทะเบียน
31,สำนักงานเขตบางกะปิ,524131000,ข,10745500,การคลัง,แผนงานบริหารการคลัง
31,สำนักงานเขตบางกะปิ,524131000,ค,165515700,เทศกิจ/รักษาความสะอาด,แผนงานรักษาความสะอาด: งานรักษาความสะอาด
31,สำนักงานเขตบางกะปิ,524131000,ง,20357700,เทศกิจ/รักษาความสะอาด,แผนงานรักษาความเป็นระเบียบเรียบร้อย: งานบริหารและบังคับการเทศกิจ
31,สำนักงานเขตบางกะปิ,524131000,จ,91994600,โยธา/ก่อสร้าง/จราจร,แผนงานการโยธา
31,สำนักงานเขตบางกะปิ,524131000,,16877900,น้ำท่วม/ทางเท้า,งานการระบายน้ำและแก้ไขปัญหาน้ำท่วม
31,สำนักงานเขตบางกะปิ,524131000,ช,28716000,สิ่งแวดล้อม,แผนงานพัฒนาสภาวะส่ิงแวดล้อม: งานปลูกและบำรุงรักษาต้นไม้
31,สำนักงานเขตบางกะปิ,524131000,ซ,33836900,พัฒนาชุมชน/อาชีพ,แผนงานพัฒนาชุมชน: งานพัฒนาชุมชน
31,สำนักงานเขตบางกะปิ,524131000,,7697000,อนามัย/สาธารณะสุข,งานควบคุมอนามัย
31,สำนักงานเขตบางกะปิ,524131000,ญ,118868100,การศึกษา,แผนงานบริหารการศึกษา
32,สำนักงานเขตบางเขน,421948600,,421948600,ทั่วไป/บริหาร/อื่นๆ,รายจ่ายประจำ
32,สำนักงานเขตบางเขน,421948600,ก,33297700,ทั่วไป/บริหาร/อื่นๆ,แผนงานบริหารงานปกครองและทะเบียน
32,สำนักงานเขตบางเขน,421948600,ข,12320000,การคลัง,แผนงานบริหารการคลัง
32,สำนักงานเขตบางเขน,421948600,ค,137771300,เทศกิจ/รักษาความสะอาด,แผนงานรักษาความสะอาด: งานรักษาความสะอาด
32,สำนักงานเขตบางเขน,421948600,ง,17262900,เทศกิจ/รักษาความสะอาด,แผนงานรักษาความเป็นระเบียบเรียบร้อย: งานบริหารและบังคับการเทศกิจ
32,สำนักงานเขตบางเขน,421948600,จ,83058900,โยธา/ก่อสร้าง/จราจร,แผนงานการโยธา: งานการโยธา
32,สำนักงานเขตบางเขน,421948600,,23986400,น้ำท่วม/ทางเท้า,งานการระบายน้ำและแก้ไขปัญหาน้ำท่วม
32,สำนักงานเขตบางเขน,421948600,ช,25472300,สิ่งแวดล้อม,แผนงานพัฒนาสภาวะส่ิงแวดล้อม: งานปลูกและบำรุงรักษาต้นไม้
32,สำนักงานเขตบางเขน,421948600,ซ,26576500,พัฒนาชุมชน/อาชีพ,แผนงานพัฒนาชุมชน: งานพัฒนาชุมชน
32,สำนักงานเขตบางเขน,421948600,,7696000,อนามัย/สาธารณะสุข,งานควบคุมอนามัย
32,สำนักงานเขตบางเขน,421948600,ญ,54506600,การศึกษา,แผนงานบริหารการศึกษา: งานบริหารการศึกษา
33,สำนักงานเขตมีนบุรี,509962100,,509962100,ทั่วไป/บริหาร/อื่นๆ,รายจ่ายประจำ
33,สำนักงานเขตมีนบุรี,509962100,ก,28201300,ทั่วไป/บริหาร/อื่นๆ,แผนงานบริหารงานปกครองและทะเบียน
33,สำนักงานเขตมีนบุรี,509962100,ข,12148800,การคลัง,แผนงานบริหารการคลัง
33,สำนักงานเขตมีนบุรี,509962100,ค,112149700,เทศกิจ/รักษาความสะอาด,แผนงานรักษาความสะอาด: งานรักษาความสะอาด
33,สำนักงานเขตมีนบุรี,509962100,ง,16360100,เทศกิจ/รักษาความสะอาด,แผนงานรักษาความเป็นระเบียบเรียบร้อย: งานบริหารและบังคับการเทศกิจ
33,สำนักงานเขตมีนบุรี,509962100,จ,104579900,โยธา/ก่อสร้าง/จราจร,แผนงานการโยธา
33,สำนักงานเขตมีนบุรี,509962100,,25417400,โยธา/ก่อสร้าง/จราจร,งานการระบายน้ำและแก้ไขปัญหาน้ำท่วม
33,สำนักงานเขตมีนบุรี,509962100,ช,28466000,สิ่งแวดล้อม,แผนงานพัฒนาสภาวะส่ิงแวดล้อม: งานปลูกและบำรุงรักษาต้นไม้
33,สำนักงานเขตมีนบุรี,509962100,ซ,67090700,พัฒนาชุมชน/อาชีพ,แผนงานพัฒนาชุมชน: งานพัฒนาชุมชน
33,สำนักงานเขตมีนบุรี,509962100,,6085300,อนามัย/สาธารณะสุข,งานควบคุมอนามัย
33,สำนักงานเขตมีนบุรี,509962100,ญ,109462900,การศึกษา,แผนงานบริหารการศึกษา: งานบริหารการศึกษา
34,สำนักงานเขตลาดกระบัง,567466000,,567466000,ทั่วไป/บริหาร/อื่นๆ,รายจ่ายประจำ
34,สำนักงานเขตลาดกระบัง,567466000,ก,29008300,ทั่วไป/บริหาร/อื่นๆ,แผนงานบริหารงานปกครองและทะเบียน
34,สำนักงานเขตลาดกระบัง,567466000,ข,12067600,การคลัง,แผนงานบริหารการคลัง
34,สำนักงานเขตลาดกระบัง,567466000,ค,163977300,เทศกิจ/รักษาความสะอาด,แผนงานรักษาความสะอาด: งานรักษาความสะอาด
34,สำนักงานเขตลาดกระบัง,567466000,ง,19817200,เทศกิจ/รักษาความสะอาด,แผนงานรักษาความเป็นระเบียบเรียบร้อย: งานบริหารและบังคับการเทศกิจ
34,สำนักงานเขตลาดกระบัง,567466000,จ,78123300,โยธา/ก่อสร้าง/จราจร,แผนงานการโยธา: งานการโยธา
34,สำนักงานเขตลาดกระบัง,567466000,,21658100,น้ำท่วม/ทางเท้า,งานการระบายน้ำและแก้ไขปัญหาน้ำท่วม
34,สำนักงานเขตลาดกระบัง,567466000,ช,39381200,สิ่งแวดล้อม,แผนงานพัฒนาสภาวะส่ิงแวดล้อม: งานปลูกและบำรุงรักษาต้นไม้
34,สำนักงานเขตลาดกระบัง,567466000,ซ,48549000,พัฒนาชุมชน/อาชีพ,แผนงานพัฒนาชุมชน: งานพัฒนาชุมชน
34,สำนักงานเขตลาดกระบัง,567466000,,6006000,อนามัย/สาธารณะสุข,งานควบคุมอนามัย
34,สำนักงานเขตลาดกระบัง,567466000,ญ,148878000,การศึกษา,แผนงานบริหารการศึกษา: งานบริหารการศึกษา
35,สำนักงานเขตหนองจอก,589363000,,589363000,ทั่วไป/บริหาร/อื่นๆ,รายจ่ายประจำ
35,สำนักงานเขตหนองจอก,589363000,ก,32415100,ทั่วไป/บริหาร/อื่นๆ,แผนงานบริหารงานปกครองและทะเบียน
35,สำนักงานเขตหนองจอก,589363000,ข,12414400,การคลัง,แผนงานบริหารการคลัง
35,สำนักงานเขตหนองจอก,589363000,ค,93885700,เทศกิจ/รักษาความสะอาด,แผนงานรักษาความสะอาด: งานรักษาความสะอาด
35,สำนักงานเขตหนองจอก,589363000,ง,19928900,เทศกิจ/รักษาความสะอาด,แผนงานรักษาความเป็นระเบียบเรียบร้อย: งานบริหารและบังคับการเทศกิจ
35,สำนักงานเขตหนองจอก,589363000,จ,80592700,โยธา/ก่อสร้าง/จราจร,แผนงานการโยธา: งานการโยธา
35,สำนักงานเขตหนองจอก,589363000,,19809400,น้ำท่วม/ทางเท้า,งานการระบายน้ำและแก้ไขปัญหาน้ำท่วม
35,สำนักงานเขตหนองจอก,589363000,ช,36934800,สิ่งแวดล้อม,แผนงานพัฒนาสภาวะส่ิงแวดล้อม: งานปลูกและบำรุงรักษาต้นไม้
35,สำนักงานเขตหนองจอก,589363000,ซ,72534800,พัฒนาชุมชน/อาชีพ,แผนงานพัฒนาชุมชน: งานพัฒนาชุมชน
35,สำนักงานเขตหนองจอก,589363000,,6397400,อนามัย/สาธารณะสุข,งานควบคุมอนามัย
35,สำนักงานเขตหนองจอก,589363000,ญ,214449800,การศึกษา,แผนงานบริหารการศึกษา: งานบริหารการศึกษา
36,สำนักงานเขตธนบุรี,397104900,,397104900,ทั่วไป/บริหาร/อื่นๆ,รายจ่ายประจำ
36,สำนักงานเขตธนบุรี,397104900,ก,28360500,ทั่วไป/บริหาร/อื่นๆ,แผนงานบริหารงานปกครองและทะเบียน
36,สำนักงานเขตธนบุรี,397104900,ข,11562500,การคลัง,แผนงานบริหารการคลัง
36,สำนักงานเขตธนบุรี,397104900,ค,164214300,เทศกิจ/รักษาความสะอาด,แผนงานรักษาความสะอาด: งานรักษาความสะอาด
36,สำนักงานเขตธนบุรี,397104900,ง,22683900,เทศกิจ/รักษาความสะอาด,แผนงานรักษาความเป็นระเบียบเรียบร้อย: งานบริหารและบังคับการเทศกิจ
36,สำนักงานเขตธนบุรี,397104900,จ,29220600,โยธา/ก่อสร้าง/จราจร,แผนงานการโยธา
36,สำนักงานเขตธนบุรี,397104900,,21102100,น้ำท่วม/ทางเท้า,งานการระบายน้ำและแก้ไขปัญหาน้ำท่วม
36,สำนักงานเขตธนบุรี,397104900,ช,21314800,สิ่งแวดล้อม,แผนงานพัฒนาสภาวะส่ิงแวดล้อม: งานปลูกและบำรุงรักษาต้นไม้
36,สำนักงานเขตธนบุรี,397104900,ซ,20726200,พัฒนาชุมชน/อาชีพ,แผนงานพัฒนาชุมชน: งานพัฒนาชุมชน
36,สำนักงานเขตธนบุรี,397104900,,5435900,อนามัย/สาธารณะสุข,งานควบคุมอนามัย
36,สำนักงานเขตธนบุรี,397104900,ญ,72484100,การศึกษา,แผนงานบริหารการศึกษา: งานบริหารการศึกษา
37,สำนักงานเขตคลองสาน,309402000,,309402000,ทั่วไป/บริหาร/อื่นๆ,รายจ่ายประจำ
37,สำนักงานเขตคลองสาน,309402000,ก,26849900,ทั่วไป/บริหาร/อื่นๆ,แผนงานบริหารงานปกครองและทะเบียน
37,สำนักงานเขตคลองสาน,309402000,ข,10823700,การคลัง,แผนงานบริหารการคลัง
37,สำนักงานเขตคลองสาน,309402000,ค,120720400,เทศกิจ/รักษาความสะอาด,แผนงานรักษาความสะอาด: งานรักษาความสะอาด
37,สำนักงานเขตคลองสาน,309402000,ง,22063900,เทศกิจ/รักษาความสะอาด,แผนงานรักษาความเป็นระเบียบเรียบร้อย: งานบริหารและบังคับการเทศกิจ
37,สำนักงานเขตคลองสาน,309402000,จ,20654300,โยธา/ก่อสร้าง/จราจร,แผนงานการโยธา: งานการโยธา
37,สำนักงานเขตคลองสาน,309402000,,9481400,น้ำท่วม/ทางเท้า,งานการระบายน้ำและแก้ไขปัญหาน้ำท่วม
37,สำนักงานเขตคลองสาน,309402000,ช,20835500,สิ่งแวดล้อม,แผนงานพัฒนาสภาวะส่ิงแวดล้อม: งานปลูกและบำรุงรักษาต้นไม้
37,สำนักงานเขตคลองสาน,309402000,ซ,16381900,พัฒนาชุมชน/อาชีพ,แผนงานพัฒนาชุมชน: งานพัฒนาชุมชน
37,สำนักงานเขตคลองสาน,309402000,,6052000,อนามัย/สาธารณะสุข,งานควบคุมอนามัย
37,สำนักงานเขตคลองสาน,309402000,ญ,55539000,การศึกษา,แผนงานบริหารการศึกษา: งานบริหารการศึกษา
38,สำนักงานเขตบางกอกใหญ่,267938900,,267938900,ทั่วไป/บริหาร/อื่นๆ,รายจ่ายประจำ
38,สำนักงานเขตบางกอกใหญ่,267938900,ก,27017100,ทั่วไป/บริหาร/อื่นๆ,แผนงานบริหารงานปกครองและทะเบียน
38,สำนักงานเขตบางกอกใหญ่,267938900,ข,10302300,การคลัง,แผนงานบริหารการคลัง
38,สำนักงานเขตบางกอกใหญ่,267938900,ค,97332400,เทศกิจ/รักษาความสะอาด,แผนงานรักษาความสะอาด: งานรักษาความสะอาด
38,สำนักงานเขตบางกอกใหญ่,267938900,ง,13548400,เทศกิจ/รักษาความสะอาด,แผนงานรักษาความเป็นระเบียบเรียบร้อย: งานบริหารและบังคับการเทศกิจ
38,สำนักงานเขตบางกอกใหญ่,267938900,จ,17889100,โยธา/ก่อสร้าง/จราจร,แผนงานการโยธา: งานการโยธา
38,สำนักงานเขตบางกอกใหญ่,267938900,ช,13464900,สิ่งแวดล้อม,แผนงานพัฒนาสภาวะส่ิงแวดล้อม: งานปลูกและบำรุงรักษาต้นไม้
38,สำนักงานเขตบางกอกใหญ่,267938900,ซ,11384700,พัฒนาชุมชน/อาชีพ,แผนงานพัฒนาชุมชน: งานพัฒนาชุมชน
38,สำนักงานเขตบางกอกใหญ่,267938900,,6702500,อนามัย/สาธารณะสุข,งานควบคุมอนามัย
38,สำนักงานเขตบางกอกใหญ่,267938900,ญ,35661500,การศึกษา,แผนงานบริหารการศึกษา: งานบริหารการศึกษา
39,สำนักงานเขตบางกอกน้อย,416491388,,416491388,ทั่วไป/บริหาร/อื่นๆ,รายจ่ายประจำ
39,สำนักงานเขตบางกอกน้อย,416491388,ก,45748900,ทั่วไป/บริหาร/อื่นๆ,แผนงานบริหารงานปกครองและทะเบียน
39,สำนักงานเขตบางกอกน้อย,416491388,ข,10545300,การคลัง,แผนงานบริหารการคลัง
39,สำนักงานเขตบางกอกน้อย,416491388,ค,152383300,เทศกิจ/รักษาความสะอาด,แผนงานรักษาความสะอาด: งานรักษาความสะอาด
39,สำนักงานเ��ตบางกอกน้อย,416491388,ง,23892400,เทศกิจ/รักษาความสะอาด,แผนงานรักษาความเป็นระเบียบเรียบร้อย: งานบริหารและบังคับการเทศกิจ
39,สำนักงานเขตบางกอกน้อย,416491388,จ,19732700,โยธา/ก่อสร้าง/จราจร,แผนงานการโยธา: งานการโยธา
39,สำนักงานเขตบางกอกน้อย,416491388,ช,12214200,สิ่งแวดล้อม,แผนงานพัฒนาสภาวะส่ิงแวดล้อม: งานปลูกและบำรุงรักษาต้นไม้
39,สำนักงานเขตบางกอกน้อย,416491388,ซ,38125200,พัฒนาชุมชน/อาชีพ,แผนงานพัฒนาชุมชน: งานพัฒนาชุมชน
39,สำนักงานเขตบางกอกน้อย,416491388,,7870300,อนามัย/สาธารณะสุข,งานควบคุมอนามัย
39,สำนักงานเขตบางกอกน้อย,416491388,ญ,55342900,การศึกษา,แผนงานบริหารการศึกษา: งานบริหารการศึกษา
40,สำนักงานเขตตล่ิงชัน,402209640,,402209640,ทั่วไป/บริหาร/อื่นๆ,รายจ่ายประจำ
40,สำนักงานเขตตล่ิงชัน,402209640,ก,25520040,ทั่วไป/บริหาร/อื่นๆ,แผนงานบริหารงานปกครองและทะเบียน
40,สำนักงานเขตตล่ิงชัน,402209640,ข,11529400,การคลัง,แผนงานบริหารการคลัง
40,สำนักงานเขตตล่ิงชัน,402209640,ค,102870200,เทศกิจ/รักษาความสะอาด,แผนงานรักษาความสะอาด: งานรักษาความสะอาด
40,สำนักงานเขตตล่ิงชัน,402209640,ง,18683800,เทศกิจ/รักษาความสะอาด,แผนงานรักษาความเป็นระเบียบเรียบร้อย: งานบริหารและบังคับการเทศกิจ
40,สำนักงานเขตตล่ิงชัน,402209640,จ,77956600,โยธา/ก่อสร้าง/จราจร,แผนงานการโยธา: งานการโยธา
40,สำนักงานเขตตล่ิงชัน,402209640,,11723400,น้ำท่วม/ทางเท้า,งานการระบายน้ำและแก้ไขปัญหาน้ำท่วม
40,สำนักงานเขตตล่ิงชัน,402209640,ช,39335700,สิ่งแวดล้อม,แผนงานพัฒนาสภาวะส่ิงแวดล้อม: งานปลูกและบำรุงรักษาต้นไม้
40,สำนักงานเขตตล่ิงชัน,402209640,ซ,22623500,พัฒนาชุมชน/อาชีพ,แผนงานพัฒนาชุมชน: งานพัฒนาชุมชน
40,สำนักงานเขตตล่ิงชัน,402209640,,6399400,อนามัย/สาธารณะสุข,งานควบคุมอนามัย
40,สำนักงานเขตตล่ิงชัน,402209640,ญ,85567600,การศึกษา,แผนงานบริหารการศึกษา: งานบริหารการศึกษา
41,สำนักงานเขตภาษีเจริญ,384617500,,384617500,ทั่วไป/บริหาร/อื่นๆ,รายจ่ายประจำ
41,สำนักงานเขตภาษีเจริญ,384617500,ก,30860800,ทั่วไป/บริหาร/อื่นๆ,แผนงานบริหารงานปกครองและทะเบียน
41,สำนักงานเขตภาษีเจริญ,384617500,ข,11114400,การคลัง,แผนงานบริหารการคลัง
41,สำนักงานเขตภาษีเจริญ,384617500,ค,113150900,เทศกิจ/รักษาความสะอาด,แผนงานรักษาความสะอาด: งานรักษาความสะอาด
41,สำนักงานเขตภาษีเจริญ,384617500,ง,22362300,เทศกิจ/รักษาความสะอาด,แผนงานรักษาความเป็นระเบียบเรียบร้อย: งานบริหารและบังคับการเทศกิจ
41,สำนักงานเขตภาษีเจริญ,384617500,จ,35188900,โยธา/ก่อสร้าง/จราจร,แผนงานการโยธา: งานการโยธา
41,สำนักงานเขตภาษีเจริญ,384617500,,17859700,น้ำท่วม/ทางเท้า,งานการระบายน้ำและแก้ไขปัญหาน้ำท่วม
41,สำนักงานเขตภาษีเจริญ,384617500,ช,18993700,สิ่งแวดล้อม,แผนงานพัฒนาสภาวะส่ิงแวดล้อม: งานปลูกและบำรุงรักษาต้นไม้
41,สำนักงานเขตภาษีเจริญ,384617500,ซ,18363600,พัฒนาชุมชน/อาชีพ,แผนงานพัฒนาชุมชน: งานพัฒนาชุมชน
41,สำนักงานเขตภาษีเจริญ,384617500,,6349900,อนามัย/สาธารณะสุข,งานควบคุมอนามัย
41,สำนักงานเขตภาษีเจริญ,384617500,ญ,110373300,การศึกษา,แผนงานบริหารการศึกษา
42,สำนักงานเขตหนองแขม,420905400,,420905400,ทั่วไป/บริหาร/อื่นๆ,รายจ่ายประจำ
42,สำนักงานเขตหนองแขม,420905400,ก,30763600,ทั่วไป/บริหาร/อื่นๆ,แผนงานบริหารงานปกครองและทะเบียน
42,สำนักงานเขตหนองแขม,420905400,ข,13242800,การคลัง,แผนงานบริหารการคลัง
42,สำนักงานเขตหนองแขม,420905400,ค,103442000,เทศกิจ/รักษาความสะอาด,แผนงานรักษาความสะอาด: งานรักษาความสะอาด
42,สำนักงานเขตหนองแขม,420905400,ง,16111800,เทศกิจ/รักษาความสะอาด,แผนงานรักษาความเป็นระเบียบเรียบร้อย: งานบริหารและบังคับการเทศกิจ
42,สำนักงานเขตหนองแขม,420905400,จ,59526300,โยธา/ก่อสร้าง/จราจร,แผนงานการโยธา: งานการโยธา
42,สำนักงานเขตหนองแขม,420905400,,19077500,น้ำท่วม/ทางเท้า,งานการระบายน้ำและแก้ไขปัญหาน้ำท่วม
42,สำนักงานเขตหนองแขม,420905400,ช,34385200,สิ่งแวดล้อม,แผนงานพัฒนาสภาวะส่ิงแวดล้อม: งานปลูกและบำรุงรักษาต้นไม้
42,สำนักงานเขตหนองแขม,420905400,ซ,61318000,พัฒนาชุมชน/อาชีพ,แผนงานพัฒนาชุมชน: งานพัฒนาชุมชน
42,สำนักงานเขตหนองแขม,420905400,,5738900,อนามัย/สาธารณะสุข,งานควบคุมอนามัย
42,สำนักงานเขตหนองแขม,420905400,ญ,77299300,การศึกษา,แผนงานบริหารการศึกษา: งานบริหารการศึกษา
43,สำนักงานเขตบางขุนเทียน,579297000,,579297000,ทั่วไป/บริหาร/อื่นๆ,รายจ่ายประจำ
43,สำนักงานเขตบางขุนเทียน,579297000,ก,35671300,ทั่วไป/บริหาร/อื่นๆ,แผนงานบริหารงานปกครองและทะเบียน
43,สำนักงานเขตบางขุนเทียน,579297000,ข,12618100,การคลัง,แผนงานบริหารการคลัง
43,สำนักงานเขตบางขุนเทียน,579297000,ค,151825100,เทศกิจ/รักษาความสะอาด,แผนงานรักษาความสะอาด: งานรักษาความสะอาด
43,สำนักงานเขตบางขุนเทียน,579297000,ง,19210600,เทศกิจ/รักษาความสะอาด,แผนงานรักษาความเป็นระเบียบเรียบร้อย: งานบริหารและบังคับการเทศกิจ
43,สำนักงานเขตบางขุนเทียน,579297000,จ,94918800,โยธา/ก่อสร้าง/จราจร,แผนงานการโยธา
43,สำนักงานเขตบางขุนเทียน,579297000,,24594700,น้ำท่วม/ทางเท้า,งานการระบายน้ำและแก้ไขปัญหาน้ำท่วม
43,สำนักงานเขตบางขุนเทียน,579297000,ช,24387500,สิ่งแวดล้อม,แผนงานพัฒนาสภาวะส่ิงแวดล้อม: งานปลูกและบำรุงรักษาต้นไม้
43,สำนักงานเขตบางขุนเทียน,579297000,ซ,27092900,พัฒนาชุมชน/อาชีพ,แผนงานพัฒนาชุมชน: งานพัฒนาชุมชน
43,สำนักงานเขตบางขุนเทียน,579297000,,7353000,อนามัย/สาธารณะสุข,งานควบคุมอนามัย
43,สำนักงานเขตบางขุนเทียน,579297000,ญ,181625000,การศึกษา,แผนงานบริหารการศึกษา: งานบริหารการศึกษา
44,สำนักงานเขตราษฎร์บูรณะ,298729000,,298729000,ทั่วไป/บริหาร/อื่นๆ,รายจ่ายประจำ
44,สำนักงานเขตราษฎร์บูรณะ,298729000,ก,29003500,การศึกษา,แผนงานบริหารงานปกครองและทะเบียน
44,สำนักงานเขตราษฎร์บูรณะ,298729000,ข,11723700,การคลัง,แผนงานบริหารการคลัง
44,สำนักงานเขตราษฎร์บูรณะ,298729000,ค,103980800,เทศกิจ/รักษาความสะอาด,แผนงานรักษาความสะอาด: งานรักษาความสะอาด
44,สำนักงานเขตราษฎร์บูรณะ,298729000,ง,17566100,เทศกิจ/รักษาความสะอาด,แผนงานรักษาความเป็นระเบียบเรียบร้อย: งานบริหารและบังคับการเทศกิจ
44,สำนักงานเขตราษฎร์บูรณะ,298729000,จ,13363700,โยธา/ก่อสร้าง/จราจร,แผนงานการโยธา: งานการโยธา
44,สำนักงานเขตราษฎร์บูรณะ,298729000,,29062100,น้ำท่วม/ทางเท้า,งานการระบายน้ำและแก้ไขปัญหาน้ำท่วม
44,สำนักงานเขตราษฎร์บูรณะ,298729000,ช,20921000,สิ่งแวดล้อม,แผนงานพัฒนาสภาวะส่ิงแวดล้อม: งานปลูกและบำรุงรักษาต้นไม้
44,สำนักงานเขตราษฎร์บูรณะ,298729000,ซ,17128300,พัฒนาชุมชน/อาชีพ,แผนงานพัฒนาชุมชน: งานพัฒนาชุมชน
44,สำนักงานเขตราษฎร์บูรณะ,298729000,,6312600,อนามัย/สาธารณะสุข,งานควบคุมอนามัย
44,สำนักงานเขตราษฎร์บูรณะ,298729000,ญ,49667200,การศึกษา,แผนงานบริหารการศึกษา: งานบริหารการศึกษา
45,สำนักงานเขตดอนเมือง,422753800,,422753800,ทั่วไป/บริหาร/อื่นๆ,รายจ่ายประจำ
45,สำนักงานเขตดอนเมือง,422753800,ก,29849000,ทั่วไป/บริหาร/อื่นๆ,แผนงานบริหารงานปกครองและทะเบียน
45,สำนักงานเขตดอนเมือง,422753800,ข,11201000,การคลัง,แผนงานบริหารการคลัง
45,สำนักงานเขตดอนเมือง,422753800,ค,123195500,เทศกิจ/รักษาความสะอาด,แผนงานรักษาความสะอาด: งานรักษาความสะอาด
45,สำนักงานเขตดอนเมือง,422753800,ง,18582500,เทศกิจ/รักษาความสะอาด,แผนงานรักษาความเป็นระเบียบเรียบร้อย: งานบริหารและบังคับการเทศกิจ
45,สำนักงานเขตดอนเมือง,422753800,จ,77035000,โยธา/ก่อสร้าง/จราจร,แผนงานการโยธา: งานการโยธา
45,สำนักงานเขตดอนเมือง,422753800,,24314200,น้ำท่วม/ทางเท้า,งานการระบายน้ำและแก้ไขปัญหาน้ำท่วม
45,สำนักงานเขตดอนเมือง,422753800,ช,27481900,สิ่งแวดล้อม,แผนงานพัฒนาสภาวะส่ิงแวดล้อม: งานปลูกและบำรุงรักษาต้นไม้
45,สำนักงานเขตดอนเมือง,422753800,ซ,29349400,พัฒนาชุมชน/อาชีพ,แผนงานพัฒนาชุมชน: งานพัฒนาชุมชน
45,สำนักงานเขตดอนเมือง,422753800,,4478600,อนามัย/สาธารณะสุข,งานควบคุมอนามัย
45,สำนักงานเขตดอนเมือง,422753800,ญ,77266700,การศึกษา,แผนงานบริหารการศึกษา: งานบริหารการศึกษา
46,สำนักงานเขตจตุจักร,534717800,,534717800,ทั่วไป/บริหาร/อื่นๆ,รายจ่ายประจำ
46,สำนักงานเขตจตุจักร,534717800,ก,30563700,ทั่วไป/บริหาร/อื่นๆ,แผนงานบริหารงานปกครองและทะเบียน
46,สำนักงานเขตจตุจักร,534717800,ข,12730500,การคลัง,แผนงานบริหารการคลัง
46,สำนักงานเขตจตุจักร,534717800,ค,236229900,เทศกิจ/รักษาความสะอาด,แผนงานรักษาความสะอาด: งานรักษาความสะอาด
46,สำนักงานเขตจตุจักร,534717800,ง,27277200,เทศกิจ/รักษาความสะอาด,แผนงานรักษาความเป็นระเบียบเรียบร้อย: งานบริหารและบังคับการเทศกิจ
46,สำนักงานเขตจตุจักร,534717800,จ,55246900,โยธา/ก่อสร้าง/จราจร,แผนงานการโยธา: งานการโยธา
46,สำนักงานเขตจตุจักร,534717800,,14512000,โยธา/ก่อสร้าง/จราจร,งานการระบายน้ำและแก้ไขปัญหาน้ำท่วม
46,สำนักงานเขตจตุจักร,534717800,ช,30886500,สิ่งแวดล้อม,แผนงานพัฒนาสภาวะส่ิงแวดล้อม: งานปลูกและบำรุงรักษาต้นไม้
46,สำนักงานเขตจตุจักร,534717800,ซ,37381400,พัฒนาชุมชน/อาชีพ,แผนงานพัฒนาชุมชน
46,สำนักงานเขตจตุจักร,534717800,,8091900,อนามัย/สาธารณะสุข,งานควบคุมอนามัย
46,สำนักงานเขตจตุจักร,534717800,ญ,81797800,การศึกษา,แผนงานบริหารการศึกษา: งานบริหารการศึกษา
47,สำนักงานเขตลาดพร้าว,376722000,,376722000,ทั่วไป/บริหาร/อื่นๆ,รายจ่ายประจำ
47,สำนักงานเขตลาดพร้าว,376722000,ก,30074100,ทั่วไป/บริหาร/อื่นๆ,แผนงานบริหารงานปกครองและทะเบียน
47,สำนักงานเขตลาดพร้าว,376722000,ข,11652800,การคลัง,แผนงานบริหารการคลัง
47,สำนักงานเขตลาดพร้าว,376722000,ค,123825000,เทศกิจ/รักษาความสะอาด,แผนงานรักษาความสะอาด: งานรักษาความสะอาด
47,สำนักงานเขตลาดพร้าว,376722000,ง,14818400,เทศกิจ/รักษาความสะอาด,แผนงานรักษาความเป็นระเบียบเรียบร้อย: งานบริหารและบังคับการเทศกิจ
47,สำนักงานเขตลาดพร้าว,376722000,จ,54293400,โยธา/ก่อสร้าง/จราจร,แผนงานการโยธา
47,สำนักงานเขตลาดพร้าว,376722000,,33222200,น้ำท่วม/ทางเท้า,งานการระบายน้ำและแก้ไขปัญหาน้ำท่วม
47,สำนักงานเขตลาดพร้าว,376722000,ช,21658100,สิ่งแวดล้อม,แผนงานพัฒนาสภาวะส่ิงแวดล้อม: งานปลูกและบำรุงรักษาต้นไม้
47,สำนักงานเขตลาดพร้าว,376722000,ซ,23341400,พัฒนาชุมชน/อาชีพ,แผนงานพัฒนาชุมชน: งานพัฒนาชุมชน
47,สำนักงานเขตลาดพร้าว,376722000,,6752600,อนามัย/สาธารณะสุข,งานควบคุมอนามัย
47,สำนักงานเขตลาดพร้าว,376722000,ญ,57084000,การศึกษา,แผนงานบริหารการศึกษา: งานบริหารการศึกษา
48,สำนักงานเขตบึงกุ่ม,354848700,,354848700,ทั่วไป/บริหาร/อื่นๆ,รายจ่ายประจำ
48,สำนักงานเขตบึงกุ่ม,354848700,ก,26377900,ทั่วไป/บริหาร/อื่นๆ,แผนงานบริหารงานปกครองและ��ะเบียน
48,สำนักงานเขตบึงกุ่ม,354848700,ข,10627900,การคลัง,แผนงานบริหารการคลัง
48,สำนักงานเขตบึงกุ่ม,354848700,ค,98985000,เทศกิจ/รักษาความสะอาด,แผนงานรักษาความสะอาด: งานรักษาความสะอาด
48,สำนักงานเขตบึงกุ่ม,354848700,ง,13705100,เทศกิจ/รักษาความสะอาด,แผนงานรักษาความเป็นระเบียบเรียบร้อย: งานบริหารและบังคับการเทศกิจ
48,สำนักงานเขตบึงกุ่ม,354848700,จ,52763300,โยธา/ก่อสร้าง/จราจร,แผนงานการโยธา: งานการโยธา
48,สำนักงานเขตบึงกุ่ม,354848700,,16716300,น้ำท่วม/ทางเท้า,งานการระบายน้ำและแก้ไขปัญหาน้ำท่วม
48,สำนักงานเขตบึงกุ่ม,354848700,ช,18844400,สิ่งแวดล้อม,แผนงานพัฒนาสภาวะส่ิงแวดล้อม: งานปลูกและบำรุงรักษาต้นไม้
48,สำนักงานเขตบึงกุ่ม,354848700,ซ,28285900,พัฒนาชุมชน/อาชีพ,แผนงานพัฒนาชุมชน: งานพัฒนาชุมชน
48,สำนักงานเขตบึงกุ่ม,354848700,,5127800,อนามัย/สาธารณะสุข,งานควบคุมอนามัย
48,สำนักงานเขตบึงกุ่ม,354848700,ญ,83415100,การศึกษา,แผนงานบริหารการศึกษา
49,โรงเรียนประภาสวิทยา สำนักงานเขตสาทร,49305809000,,305809000,ทั่วไป/บริหาร/อื่นๆ,รายจ่ายประจำ
49,โรงเรียนประภาสวิทยา สำนักงานเขตสาทร,49305809000,ก,30721800,ทั่วไป/บริหาร/อื่นๆ,แผนงานบริหารงานปกครองและทะเบียน
49,โรงเรียนประภาสวิทยา สำนักงานเขตสาทร,49305809000,ข,10831600,การคลัง,แผนงานบริหารการคลัง
49,โรงเรียนประภาสวิทยา สำนักงานเขตสาทร,49305809000,ค,122219000,เทศกิจ/รักษาความสะอาด,แผนงานรักษาความสะอาด: งานรักษาความสะอาด
49,โรงเรียนประภาสวิทยา สำนักงานเขตสาทร,49305809000,ง,17974400,เทศกิจ/รักษาความสะอาด,แผนงานรักษาความเป็นระเบียบเรียบร้อย: งานบริหารและบังคับการเทศกิจ
49,โรงเรียนประภาสวิทยา สำนักงานเขตสาทร,49305809000,จ,55399600,โยธา/ก่อสร้าง/จราจร,แผนงานการโยธา: งานการโยธา
49,โรงเรียนประภาสวิทยา สำนักงานเขตสาทร,49305809000,,11265600,น้ำท่วม/ทางเท้า,งานการระบายน้ำและแก้ไขปัญหาน้ำท่วม
49,โรงเรียนประภาสวิทยา สำนักงานเขตสาทร,49305809000,ช,17551300,สิ่งแวดล้อม,แผนงานพัฒนาสภาวะส่ิงแวดล้อม: งานปลูกและบำรุงรักษาต้นไม้
49,โรงเรียนประภาสวิทยา สำนักงานเขตสาทร,49305809000,ซ,17487100,พัฒนาชุมชน/อาชีพ,แผนงานพัฒนาชุมชน: งานพัฒนาชุมชน
49,โรงเรียนประภาสวิทยา สำนักงานเขตสาทร,49305809000,,6271100,อนามัย/สาธารณะสุข,งานควบคุมอนามัย
49,โรงเรียนประภาสวิทยา สำนักงานเขตสาทร,49305809000,ญ,16087500,การศึกษา,แผนงานบริหารการศึกษา: งานบริหารการศึกษา
50,สำนักงานเขตบางคอแหลม,306933000,,306933000,ทั่วไป/บริหาร/อื่นๆ,รายจ่ายประจำ
50,สำนักงานเขตบางคอแหลม,306933000,ก,25185600,ทั่วไป/บริหาร/อื่นๆ,แผนงานบริหารงานปกครองและทะเบียน
50,สำนักงานเขตบางคอแหลม,306933000,ข,10555500,การคลัง,แผนงานบริหารการคลัง
50,สำนักงานเขตบางคอแหลม,306933000,ค,109085300,เทศกิจ/รักษาความสะอาด,แผนงานรักษาความสะอาด: งานรักษาความสะอาด
50,สำนักงานเขตบางคอแหลม,306933000,ง,15629200,เทศกิจ/รักษาความสะอาด,แผนงานรักษาความเป็นระเบียบเรียบร้อย: งานบริหารและบังคับการเทศกิจ
50,สำนักงานเขตบางคอแหลม,306933000,จ,22628900,โยธา/ก่อสร้าง/จราจร,แผนงานการโยธา: งานการโยธา
50,สำนักงานเขตบางคอแหลม,306933000,ช,15125500,สิ่งแวดล้อม,แผนงานพัฒนาสภาวะส่ิงแวดล้อม: งานปลูกและบำรุงรักษาต้นไม้
50,สำนักงานเขตบางคอแหลม,306933000,ซ,36964200,พัฒนาชุมชน/อาชีพ,แผนงานพัฒนาชุมชน: งานพัฒนาชุมชน
50,สำนักงานเขตบางคอแหลม,306933000,,6983100,อนามัย/สาธารณะสุข,งานควบคุมอนามัย
50,สำนักงานเขตบางคอแหลม,306933000,ญ,39999200,การศึกษา,แผนงานบริหารการศึกษา: งานบริหารการศึกษา
51,สำนักงานเขตบางซ่ือ,348972900,,348972900,ทั่วไป/บริหาร/อื่นๆ,รายจ่ายประจำ
51,สำนักงานเขตบางซ่ือ,348972900,ก,32592800,ทั่วไป/บริหาร/อื่นๆ,แผนงานบริหารงานปกครองและทะเบียน
51,สำนักงานเขตบางซ่ือ,348972900,ข,10886000,การคลัง,แผนงานบริหารการคลัง
51,สำนักงานเขตบางซ่ือ,348972900,ค,128588600,เทศกิจ/รักษาความสะอาด,แผนงานรักษาความสะอาด: งานรักษาความสะอาด
51,สำนักงานเขตบางซ่ือ,348972900,ง,22416700,เทศกิจ/รักษาความสะอาด,แผนงานรักษาความเป็นระเบียบเรียบร้อย: งานบริหารและบังคับการเทศกิจ
51,สำนักงานเขตบางซ่ือ,348972900,จ,42508800,โยธา/ก่อสร้าง/จราจร,แผนงานการโยธา: งานการโยธา
51,สำนักงานเขตบางซ่ือ,348972900,,17493300,น้ำท่วม/ทางเท้า,งานการระบายน้ำและแก้ไขปัญหาน้ำท่วม
51,สำนักงานเขตบางซ่ือ,348972900,ช,17496100,สิ่งแวดล้อม,แผนงานพัฒนาสภาวะส่ิงแวดล้อม: งานปลูกและบำรุงรักษาต้นไม้
51,สำนักงานเขตบางซ่ือ,348972900,ซ,21961500,พัฒนาชุมชน/อาชีพ,แผนงานพัฒนาชุมชน: งานพัฒนาชุมชน
51,สำนักงานเขตบางซ่ือ,348972900,,6326600,อนามัย/สาธารณะสุข,งานควบคุมอนามัย
51,สำนักงานเขตบางซ่ือ,348972900,ญ,48702500,การศึกษา,แผนงานบริหารการศึกษา: งานบริหารการศึกษา
52,สำนักงานเขตราชเทวี,369857500,,369857500,ทั่วไป/บริหาร/อื่นๆ,รายจ่ายประจำ
52,สำนักงานเขตราชเทวี,369857500,ก,28496300,ทั่วไป/บริหาร/อื่นๆ,แผนงานบริหารงานปกครองและทะเบียน
52,สำนักงานเขตราชเทวี,369857500,ข,19846400,การคลัง,แผนงานบริหารการคลัง
52,สำนักงานเขตราชเทวี,369857500,ค,153373400,เทศกิจ/รักษาความสะอาด,แผนงานรักษาความสะอาด: งานรักษาความสะอาด
52,สำนักงานเขตราชเทวี,369857500,ง,25379500,เทศกิจ/รักษาความสะอาด,แผนงานรักษาความเป็นระเบียบเรียบร้อย: งานบริหารและบังคับการเทศกิจ
52,สำนักงานเขตราชเทวี,369857500,จ,49723000,โยธา/ก่อสร้าง/จราจร,แผนงานการโยธา: งานการโยธา
52,สำนักงานเขตราชเทวี,369857500,,6021300,น้ำท่วม/ทางเท้า,งานการระบายน้ำและแก้ไขปัญหาน้ำท่วม
52,สำนักงานเขตราชเทวี,369857500,ช,32427400,สิ่งแวดล้อม,แผนงานพัฒนาสภาวะส่ิงแวดล้อม: งานปลูกและบำรุงรักษาต้นไม้
52,สำนักงานเขตราชเทวี,369857500,ซ,24753500,พัฒนาชุมชน/อาชีพ,แผนงานพัฒนาชุมชน: งานพัฒนาชุมชน
52,สำนักงานเขตราชเทวี,369857500,,5300600,อนามัย/สาธารณะสุข,งานควบคุมอนามัย
52,สำนักงานเขตราชเทวี,369857500,ญ,24536100,การศึกษา,แผนงานบริหารการศึกษา: งานบริหารการศึกษา
53,สำนักงานเขตคลองเตย,385862000,,385862000,ทั่วไป/บริหาร/อื่นๆ,รายจ่ายประจำ
53,สำนักงานเขตคลองเตย,385862000,ก,29963400,ทั่วไป/บริหาร/อื่นๆ,แผนงานบริหารงานปกครองและทะเบียน
53,สำนักงานเขตคลองเตย,385862000,ข,9741700,การคลัง,แผนงานบริหารการคลัง
53,สำนักงานเขตคลองเตย,385862000,ค,170532500,เทศกิจ/รักษาความสะอาด,แผนงานรักษาความสะอาด: งานรักษาความสะอาด
53,สำนักงานเขตคลองเตย,385862000,ง,22908500,เทศกิจ/รักษาความสะอาด,แผนงานรักษาความเป็นระเบียบเรียบร้อย: งานบริหารและบังคับการเทศกิจ
53,สำนักงานเขตคลองเตย,385862000,จ,35015280,โยธา/ก่อสร้าง/จราจร,แผนงานการโยธา
53,สำนักงานเขตคลองเตย,385862000,,10911300,น้ำท่วม/ทางเท้า,งานการระบายน้ำและแก้ไขปัญหาน้ำท่วม
53,สำนักงานเขตคลองเตย,385862000,ช,24101500,สิ่งแวดล้อม,แผนงานพัฒนาสภาวะส่ิงแวดล้อม: งานปลูกและบำรุงรักษาต้นไม้
53,สำนักงานเขตคลองเตย,385862000,ซ,45283500,พัฒนาชุมชน/อาชีพ,แผนงานพัฒนาชุมชน: งานพัฒนาชุมชน
53,สำนักงานเขตคลองเตย,385862000,,6045300,อนามัย/สาธารณะสุข,งานควบคุมอนามัย
53,สำนักงานเขตคลองเตย,385862000,ญ,31359020,การศึกษา,แผนงานบริหารการศึกษา: งานบริหารการศึกษา
54,สำนักงานเขตประเวศ,584808000,,584808000,ทั่วไป/บริหาร/อื่นๆ,รายจ่ายประจำ
54,สำนักงานเขตประเวศ,584808000,ก,55916700,ทั่วไป/บริหาร/อื่นๆ,แผนงานบริหารงานปกครองและทะเบียน
54,สำนักงานเขตประเวศ,584808000,ข,11408800,การคลัง,แผนงานบริหารการคลัง
54,สำนักงานเขตประเวศ,584808000,ค,132682200,เทศกิจ/รักษาความสะอาด,แผนงานรักษาความสะอาด: งานรักษาความสะอาด
54,สำนักงานเขตประเวศ,584808000,ง,16283000,เทศกิจ/รักษาความสะอาด,แผนงานรักษาความเป็นระเบียบเรียบร้อย: งานบริหารและบังคับการเทศกิจ
54,สำนักงานเขตประเวศ,584808000,จ,133763200,โยธา/ก่อสร้าง/จราจร,แผนงานการโยธา: งานการโยธา
54,สำนักงานเขตประเวศ,584808000,,36937200,น้ำท่วม/ทางเท้า,งานการระบายน้ำและแก้ไขปัญหาน้ำท่วม
54,สำนักงานเขตประเวศ,584808000,ช,30043400,สิ่งแวดล้อม,แผนงานพัฒนาสภาวะส่ิงแวดล้อม: งานปลูกและบำรุงรักษาต้นไม้
54,สำนักงานเขตประเวศ,584808000,ซ,31541900,พัฒนาชุมชน/อาชีพ,แผนงานพัฒนาชุมชน: งานพัฒนาชุมชน
54,สำนักงานเขตประเวศ,584808000,,5421900,อนามัย/สาธารณะสุข,งานควบคุมอนามัย
54,สำนักงานเขตประเวศ,584808000,ญ,130809700,การศึกษา,แผนงานบริหารการศึกษา: งานบริหารการศึกษา
55,สำนักงานเขตบางพลัด,311873800,,311873800,ทั่วไป/บริหาร/อื่นๆ,รายจ่ายประจำ
55,สำนักงานเขตบางพลัด,311873800,ก,26084200,ทั่วไป/บริหาร/อื่นๆ,แผนงานบริหารงานปกครองและทะเบียน
55,สำนักงานเขตบางพลัด,311873800,ข,12881400,การคลัง,แผนงานบริหารการคลัง
55,สำนักงานเขตบางพลัด,311873800,ค,113032800,เทศกิจ/รักษาความสะอาด,แผนงานรักษาความสะอาด: งานรักษาความสะอาด
55,สำนักงานเขตบางพลัด,311873800,ง,16780700,เทศกิจ/รักษาความสะอาด,แผนงานรักษาความเป็นระเบียบเรียบร้อย: งานบริหารและบังคับการเทศกิจ
55,สำนักงานเขตบางพลัด,311873800,จ,13720000,โยธา/ก่อสร้าง/จราจร,แผนงานการโยธา: งานการโยธา
55,สำนักงานเขตบางพลัด,311873800,,24454200,น้ำท่วม/ทางเท้า,งานการระบายน้ำและแก้ไขปัญหาน้ำท่วม
55,สำนักงานเขตบางพลัด,311873800,ช,13786200,สิ่งแวดล้อม,แผนงานพัฒนาสภาวะส่ิงแวดล้อม: งานปลูกและบำรุงรักษาต้นไม้
55,สำนักงานเขตบางพลัด,311873800,ซ,31708400,พัฒนาชุมชน/อาชีพ,แผนงานพัฒนาชุมชน: งานพัฒนาชุมชน
55,สำนักงานเขตบางพลัด,311873800,,5578500,อนามัย/สาธารณะสุข,งานควบคุมอนามัย
55,สำนักงานเขตบางพลัด,311873800,ญ,53847400,การศึกษา,แผนงานบริหารการศึกษา: งานบริหารการศึกษา
56,สำนักงานเขตจอมทอง,396522000,,396522000,ทั่วไป/บริหาร/อื่นๆ,รายจ่ายประจำ
56,สำนักงานเขตจอมทอง,396522000,ก,27366300,ทั่วไป/บริหาร/อื่นๆ,แผนงานบริหารงานปกครองและทะเบียน
56,สำนักงานเขตจอมทอง,396522000,ข,11838300,การคลัง,แผนงานบริหารการคลัง
56,สำนักงานเขตจอมทอง,396522000,ค,143871800,เทศกิจ/รักษาความสะอาด,แผนงานรักษาความสะอาด: งานรักษาความสะอาด
56,สำนักงานเขตจอมทอง,396522000,ง,22857100,เทศกิจ/รักษาความสะอาด,แผนงานรักษาความเป็นระเบียบเรียบร้อย: งานบริหารและบังคับการเทศกิจ
56,สำนักงานเขตจอมทอง,396522000,จ,24848300,โยธา/ก่อสร้าง/จราจร,แผนงานการโยธา: งานการโยธา
56,สำนักงานเขตจอมทอง,396522000,,20442600,น้ำท่วม/ทางเท้า,งานการระบายน้ำและแก้ไขปัญหาน้ำท่วม
56,สำนักงานเขตจอมทอง,396522000,ช,21374700,สิ่งแวดล้อม,แผนงานพัฒนาสภาวะส่ิงแวดล้อม: งานปลูกและบำรุงรักษาต้นไม้
56,สำนักงานเขตจอมทอง,396522000,ซ,19379500,พัฒนาชุมชน/อาชีพ,แผนงานพัฒนาชุมชน: งานพัฒนาชุมชน
56,สำนักงานเขตจอมทอง,396522000,,6505100,อนามัย/สาธารณะสุข,งานควบคุมอนามัย
56,สำนักงานเขตจอมทอง,396522000,ญ,98038300,การศึกษา,แผนงานบริหารการศึกษา: งานบริหารการศึกษา
57,สำนักงานเขตดินแดง,331004000,,331004000,ทั่วไป/บริหาร/อื่นๆ,รายจ่ายประจำ
57,สำนักงานเขตดินแดง,331004000,ก,25931600,ทั่วไป/บริหาร/อื่นๆ,แผนงานบริหารงานปกครองและทะเบียน
57,สำนักงานเขตดินแดง,331004000,ข,11551800,การคลัง,แผนงานบริหารการคลัง
57,สำนักงานเขตดินแดง,331004000,ค,145317600,เทศกิจ/รักษาความสะอาด,แผนงานรักษาความสะอาด: งานรักษาความสะอาด
57,สำนักงานเขตดินแดง,331004000,ง,20564400,เทศกิจ/รักษาความสะอาด,แผนงานรักษาความเป็นระเบียบเรี��บร้อย: งานบริหารและบังคับการเทศกิจ
57,สำนักงานเขตดินแดง,331004000,จ,19108200,โยธา/ก่อสร้าง/จราจร,แผนงานการโยธา: งานการโยธา
57,สำนักงานเขตดินแดง,331004000,,10834600,น้ำท่วม/ทางเท้า,งานการระบายน้ำและแก้ไขปัญหาน้ำท่วม
57,สำนักงานเขตดินแดง,331004000,ช,18704500,สิ่งแวดล้อม,แผนงานพัฒนาสภาวะส่ิงแวดล้อม: งานปลูกและบำรุงรักษาต้นไม้
57,สำนักงานเขตดินแดง,331004000,ซ,18361800,พัฒนาชุมชน/อาชีพ,แผนงานพัฒนาชุมชน: งานพัฒนาชุมชน
57,สำนักงานเขตดินแดง,331004000,,6068300,อนามัย/สาธารณะสุข,งานควบคุมอนามัย
57,สำนักงานเขตดินแดง,331004000,ญ,54561200,การศึกษา,แผนงานบริหารการศึกษา: งานบริหารการศึกษา
58,สำนักงานเขตสวนหลวง,371965000,,371965000,ทั่วไป/บริหาร/อื่นๆ,รายจ่ายประจำ
58,สำนักงานเขตสวนหลวง,371965000,ก,27204700,ทั่วไป/บริหาร/อื่นๆ,แผนงานบริหารงานปกครองและทะเบียน
58,สำนักงานเขตสวนหลวง,371965000,ข,11602800,การคลัง,แผนงานบริหารการคลัง
58,สำนักงานเขตสวนหลวง,371965000,ค,133244700,เทศกิจ/รักษาความสะอาด,แผนงานรักษาความสะอาด: งานรักษาความสะอาด
58,สำนักงานเขตสวนหลวง,371965000,ง,19177700,เทศกิจ/รักษาความสะอาด,แผนงานรักษาความเป็นระเบียบเรียบร้อย: งานบริหารและบังคับการเทศกิจ
58,สำนักงานเขตสวนหลวง,371965000,จ,25281100,โยธา/ก่อสร้าง/จราจร,แผนงานการโยธา: งานการโยธา
58,สำนักงานเขตสวนหลวง,371965000,,19141800,น้ำท่วม/ทางเท้า,งานการระบายน้ำและแก้ไขปัญหาน้ำท่วม
58,สำนักงานเขตสวนหลวง,371965000,ช,23565000,สิ่งแวดล้อม,แผนงานพัฒนาสภาวะส่ิงแวดล้อม: งานปลูกและบำรุงรักษาต้นไม้
58,สำนักงานเขตสวนหลวง,371965000,ซ,36658600,พัฒนาชุมชน/อาชีพ,แผนงานพัฒนาชุมชน: งานพัฒนาชุมชน
58,สำนักงานเขตสวนหลวง,371965000,,6171300,อนามัย/สาธารณะสุข,งานควบคุมอนามัย
58,สำนักงานเขตสวนหลวง,371965000,ญ,69917300,การศึกษา,แผนงานบริหารการศึกษา: งานบริหารการศึกษา
59,สำนักงานเขตวัฒนา,341754000,,341754000,ทั่วไป/บริหาร/อื่นๆ,รายจ่ายประจำ
59,สำนักงานเขตวัฒนา,341754000,ก,32624000,ทั่วไป/บริหาร/อื่นๆ,แผนงานบริหารงานปกครองและทะเบียน
59,สำนักงานเขตวัฒนา,341754000,ข,11486300,การคลัง,แผนงานบริหารการคลัง
59,สำนักงานเขตวัฒนา,341754000,ค,137194100,เทศกิจ/รักษาความสะอาด,แผนงานรักษาความสะอาด: งานรักษาความสะอาด
59,สำนักงานเขตวัฒนา,341754000,ง,20076300,เทศกิจ/รักษาความสะอาด,แผนงานรักษาความเป็นระเบียบเรียบร้อย: งานบริหารและบังคับการเทศกิจ
59,สำนักงานเขตวัฒนา,341754000,จ,45319600,โยธา/ก่อสร้าง/จราจร,แผนงานการโยธา: งานการโยธา
59,สำนักงานเขตวัฒนา,341754000,,10265700,น้ำท่วม/ทางเท้า,งานการระบายน้ำและแก้ไขปัญหาน้ำท่วม
59,สำนักงานเขตวัฒนา,341754000,ช,12906200,สิ่งแวดล้อม,แผนงานพัฒนาสภาวะส่ิงแวดล้อม: งานปลูกและบำรุงรักษาต้นไม้
59,สำนักงานเขตวัฒนา,341754000,ซ,13428600,พัฒนาชุมชน/อาชีพ,แผนงานพัฒนาชุมชน: งานพัฒนาชุมชน
59,สำนักงานเขตวัฒนา,341754000,,7651200,อนามัย/สาธารณะสุข,งานควบคุมอนามัย
59,สำนักงานเขตวัฒนา,341754000,ญ,50802000,การศึกษา,แผนงานบริหารการศึกษา: งานบริหารการศึกษา
60,สำนักงานเขตบางแค,477760400,,477760400,ทั่วไป/บริหาร/อื่นๆ,รายจ่ายประจำ
60,สำนักงานเขตบางแค,477760400,ก,26959100,ทั่วไป/บริหาร/อื่นๆ,แผนงานบริหารงานปกครองและทะเบียน
60,สำนักงานเขตบางแค,477760400,ข,11313300,การคลัง,แผนงานบริหารการคลัง
60,สำนักงานเขตบางแค,477760400,ค,147926300,เทศกิจ/รักษาความสะอาด,แผนงานรักษาความสะอาด: งานรักษาความสะอาด
60,สำนักงานเขตบางแค,477760400,ง,23186200,เทศกิจ/รักษาความสะอาด,แผนงานรักษาความเป็นระเบียบเรียบร้อย: งานบริหารและบังคับการเทศกิจ
60,สำนักงานเขตบางแค,477760400,จ,46123200,โยธา/ก่อสร้าง/จราจร,แผนงานการโยธา: งานการโยธา
60,สำนักงานเขตบางแค,477760400,,33592500,น้ำท่วม/ทางเท้า,งานการระบายน้ำและแก้ไขปัญหาน้ำท่วม
60,สำนักงานเขตบางแค,477760400,ช,37976000,สิ่งแวดล้อม,แผนงานพัฒนาสภาวะส่ิงแวดล้อม: งานปลูกและบำรุงรักษาต้นไม้
60,สำนักงานเขตบางแค,477760400,ซ,27781400,พัฒนาชุมชน/อาชีพ,แผนงานพัฒนาชุมชน: งานพัฒนาชุมชน
60,สำนักงานเขตบางแค,477760400,,6743700,อนามัย/สาธารณะสุข,งานควบคุมอนามัย
60,สำนักงานเขตบางแค,477760400,ญ,116158700,การศึกษา,แผนงานบริหารการศึกษา: งานบริหารการศึกษา
61,สำนักงานเขตหลักส่ี,346889000,,346889000,ทั่วไป/บริหาร/อื่นๆ,รายจ่ายประจำ
61,สำนักงานเขตหลักส่ี,346889000,ก,38698900,ทั่วไป/บริหาร/อื่นๆ,แผนงานบริหารงานปกครองและทะเบียน
61,สำนักงานเขตหลักส่ี,346889000,ข,10601000,การคลัง,แผนงานบริหารการคลัง
61,สำนักงานเขตหลักส่ี,346889000,ค,111476600,เทศกิจ/รักษาความสะอาด,แผนงานรักษาความสะอาด: งานรักษาความสะอาด
61,สำนักงานเขตหลักส่ี,346889000,ง,13082900,เทศกิจ/รักษาความสะอาด,แผนงานรักษาความเป็นระเบียบเรียบร้อย: งานบริหารและบังคับการเทศกิจ
61,สำนักงานเขตหลักส่ี,346889000,จ,48730500,โยธา/ก่อสร้าง/จราจร,แผนงานการโยธา: งานการโยธา
61,สำนักงานเขตหลักส่ี,346889000,,13930900,น้ำท่วม/ทางเท้า,งานการระบายน้ำและแก้ไขปัญหาน้ำท่วม
61,สำนักงานเขตหลักส่ี,346889000,ช,22011200,สิ่งแวดล้อม,แผนงานพัฒนาสภาวะส่ิงแวดล้อม: งานปลูกและบำรุงรักษาต้นไม้
61,สำนักงานเขตหลักส่ี,346889000,ซ,27961600,พัฒนาชุมชน/อาชีพ,แผนงานพัฒนาชุมชน: งานพัฒนาชุมชน
61,สำนักงานเขตหลักส่ี,346889000,,6154600,อนามัย/สาธารณะสุข,งานควบคุมอนามัย
61,สำนักงานเขตหลักส่ี,346889000,ญ,54240800,การศึกษา,แผนงานบริหารการศึกษา: งานบริหารการศึกษา
62,สำนักงานเขตสายไหม,418022000,,418022000,ทั่วไป/บริหาร/อื่นๆ,รายจ่ายประจำ
62,สำนักงานเขตสายไหม,418022000,ก,30451800,ทั่วไป/บริหาร/อื่นๆ,แผนงานบริหารงานปกครองและทะเบียน
62,สำนักงานเขตสายไหม,418022000,ข,9787300,การคลัง,แผนงานบริหารการคลัง
62,สำนักงานเขตสายไหม,418022000,ค,100653100,เทศกิจ/รักษาความสะอาด,แผนงานรักษาความสะอาด: งานรักษาความสะอาด
62,สำนักงานเขตสายไหม,418022000,ง,13716500,เทศกิจ/รักษาความสะอาด,แผนงานรักษาความเป็นระเบียบเรียบร้อย: งานบริหารและบังคับการเทศกิจ
62,สำนักงานเขตสายไหม,418022000,จ,70118100,โยธา/ก่อสร้าง/จราจร,แผนงานการโยธา: งานการโยธา
62,สำนักงานเขตสายไหม,418022000,,19073900,น้ำท่วม/ทางเท้า,งานการระบายน้ำและแก้ไขปัญหาน้ำท่วม
62,สำนักงานเขตสายไหม,418022000,ช,18439800,สิ่งแวดล้อม,แผนงานพัฒนาสภาวะส่ิงแวดล้อม: งานปลูกและบำรุงรักษาต้นไม้
62,สำนักงานเขตสายไหม,418022000,ซ,35078300,พัฒนาชุมชน/อาชีพ,แผนงานพัฒนาชุมชน: งานพัฒนาชุมชน
62,สำนักงานเขตสายไหม,418022000,,5305800,อนามัย/สาธารณะสุข,งานควบคุมอนามัย
62,สำนักงานเขตสายไหม,418022000,ญ,115397400,การศึกษา,แผนงานบริหารการศึกษา: งานบริหารการศึกษา
63,สำนักงานเขตคันนายาว,274038900,,274038900,ทั่วไป/บริหาร/อื่นๆ,รายจ่ายประจำ
63,สำนักงานเขตคันนายาว,274038900,ก,33771100,ทั่วไป/บริหาร/อื่นๆ,แผนงานบริหารงานปกครองและทะเบียน
63,สำนักงานเขตคันนายาว,274038900,ข,10292500,การคลัง,แผนงานบริหารการคลัง
63,สำนักงานเขตคันนายาว,274038900,ค,93434900,เทศกิจ/รักษาความสะอาด,แผนงานรักษาความสะอาด: งานรักษาความสะอาด
63,สำนักงานเขตคันนายาว,274038900,ง,11691900,เทศกิจ/รักษาความสะอาด,แผนงานรักษาความเป็นระเบียบเรียบร้อย: งานบริหารและบังคับการเทศกิจ
63,สำนักงานเขตคันนายาว,274038900,จ,30263400,โยธา/ก่อสร้าง/จราจร,แผนงานการโยธา: งานการโยธา
63,สำนักงานเขตคันนายาว,274038900,,15713200,น้ำท่วม/ทางเท้า,งานการระบายน้ำและแก้ไขปัญหาน้ำท่วม
63,สำนักงานเขตคันนายาว,274038900,ช,27699900,สิ่งแวดล้อม,แผนงานพัฒนาสภาวะส่ิงแวดล้อม: งานปลูกและบำรุงรักษาต้นไม้
63,สำนักงานเขตคันนายาว,274038900,ซ,19530400,พัฒนาชุมชน/อาชีพ,แผนงานพัฒนาชุมชน: งานพัฒนาชุมชน
63,สำนักงานเขตคันนายาว,274038900,,6770300,อนามัย/สาธารณะสุข,งานควบคุมอนามัย
63,สำนักงานเขตคันนายาว,274038900,ญ,24871300,การศึกษา,แผนงานบริหารการศึกษา: งานบริหารการศึกษา
64,สำนักงานเขตสะพานสูง,335301000,,335301000,ทั่วไป/บริหาร/อื่นๆ,รายจ่ายประจำ
64,สำนักงานเขตสะพานสูง,335301000,ก,22570900,ทั่วไป/บริหาร/อื่นๆ,แผนงานบริหารงานปกครองและทะเบียน
64,สำนักงานเขตสะพานสูง,335301000,ข,9435700,การคลัง,แผนงานบริหารการคลัง
64,สำนักงานเขตสะพานสูง,335301000,ค,74860500,เทศกิจ/รักษาความสะอาด,แผนงานรักษาความสะอาด: งานรักษาความสะอาด
64,สำนักงานเขตสะพานสูง,335301000,ง,12363600,เทศกิจ/รักษาความสะอาด,แผนงานรักษาความเป็นระเบียบเรียบร้อย: งานบริหารและบังคับการเทศกิจ
64,สำนักงานเขตสะพานสูง,335301000,จ,56597300,โยธา/ก่อสร้าง/จราจร,แผนงานการโยธา: งานการโยธา
64,สำนักงานเขตสะพานสูง,335301000,,24229900,น้ำท่วม/ทางเท้า,งานการระบายน้ำและแก้ไขปัญหาน้ำท่วม
64,สำนักงานเขตสะพานสูง,335301000,ช,24499900,สิ่งแวดล้อม,แผนงานพัฒนาสภาวะส่ิงแวดล้อม: งานปลูกและบำรุงรักษาต้นไม้
64,สำนักงานเขตสะพานสูง,335301000,ซ,54007800,พัฒนาชุมชน/อาชีพ,แผนงานพัฒนาชุมชน: งานพัฒนาชุมชน
64,สำนักงานเขตสะพานสูง,335301000,,5720500,อนามัย/สาธารณะสุข,งานควบคุมอนามัย
64,สำนักงานเขตสะพานสูง,335301000,ญ,51014900,การศึกษา,แผนงานบริหารการศึกษา
65,สำนักงานเขตวังทองหลาง,328651000,,328651000,ทั่วไป/บริหาร/อื่นๆ,รายจ่ายประจำ
65,สำนักงานเขตวังทองหลาง,328651000,ก,26266000,ทั่วไป/บริหาร/อื่นๆ,แผนงานบริหารงานปกครองและทะเบียน
65,สำนักงานเขตวังทองหลาง,328651000,ข,9500800,การคลัง,แผนงานบริหารการคลัง
65,สำนักงานเขตวังทองหลาง,328651000,ค,120257200,เทศกิจ/รักษาความสะอาด,แผนงานรักษาความสะอาด: งานรักษาความสะอาด
65,สำนักงานเขตวังทองหลาง,328651000,ง,13243600,เทศกิจ/รักษาความสะอาด,แผนงานรักษาความเป็นระเบียบเรียบร้อย: งานบริหารและบังคับการเทศกิจ
65,สำนักงานเขตวังทองหลาง,328651000,จ,75970400,โยธา/ก่อสร้าง/จราจร,แผนงานการโยธา: งานการโยธา
65,สำนักงานเขตวังทองหลาง,328651000,,16067600,น้ำท่วม/ทางเท้า,งานการระบายน้ำและแก้ไขปัญหาน้ำท่วม
65,สำนักงานเขตวังทองหลาง,328651000,ช,19244200,สิ่งแวดล้อม,แผนงานพัฒนาสภาวะส่ิงแวดล้อม: งานปลูกและบำรุงรักษาต้นไม้
65,สำนักงานเขตวังทองหลาง,328651000,��,21240400,พัฒนาชุมชน/อาชีพ,แผนงานพัฒนาชุมชน: งานพัฒนาชุมชน
65,สำนักงานเขตวังทองหลาง,328651000,,4550000,อนามัย/สาธารณะสุข,งานควบคุมอนามัย
65,สำนักงานเขตวังทองหลาง,328651000,ญ,22310800,ทั่วไป/บริหาร/อื่นๆ,แผนงานบริหารการศึกษา: งานบริหารการศึกษา
66,สำนักงานเขตคลองสามวา,460117000,,460117000,ทั่วไป/บริหาร/อื่นๆ,รายจ่ายประจำ
66,สำนักงานเขตคลองสามวา,460117000,ก,25853300,ทั่วไป/บริหาร/อื่นๆ,แผนงานบริหารงานปกครองและทะเบียน
66,สำนักงานเขตคลองสามวา,460117000,ข,11811900,การคลัง,แผนงานบริหารการคลัง
66,สำนักงานเขตคลองสามวา,460117000,ค,101714900,เทศกิจ/รักษาความสะอาด,แผนงานรักษาความสะอาด: งานรักษ��ความสะอาด
66,สำนักงานเขตคลองสามวา,460117000,ง,13387500,เทศกิจ/รักษาความสะอาด,แผนงานรักษาความเป็นระเบียบเรียบร้อย: งานบริหารและบังคับการเทศกิจ
66,สำนักงานเขตคลองสามวา,460117000,จ,74626700,โยธา/ก่อสร้าง/จราจร,แผนงานการโยธา: งานการโยธา
66,สำนักงานเขตคลองสามวา,460117000,,20093400,น้ำท่วม/ทางเท้า,งานการระบายน้ำและแก้ไขปัญหาน้ำท่วม
66,สำนักงานเขตคลองสามวา,460117000,ช,28242700,สิ่งแวดล้อม,แผนงานพัฒนาสภาวะส่ิงแวดล้อม: งานปลูกและบำรุงรักษาต้นไม้
66,สำนักงานเขตคลองสามวา,460117000,ซ,29282300,พัฒนาชุมชน/อาชีพ,แผนงานพัฒนาชุมชน: งานพัฒนาชุมชน
66,สำนักงานเขตคลองสามวา,460117000,,5570900,อนามัย/สาธารณะสุข,งานควบคุมอนามัย
66,สำนักงานเขตคลองสามวา,460117000,ญ,149533400,การศึกษา,แผนงานบริหารการศึกษา
67,โรงเรียนวัดลำกะดาน สำนักงานเขตบางนา,67312974000,,312974000,ทั่วไป/บริหาร/อื่นๆ,รายจ่ายประจำ
67,โรงเรียนวัดลำกะดาน สำนักงานเขตบางนา,67312974000,ก,25492400,ทั่วไป/บริหาร/อื่นๆ,แผนงานบริหารงานปกครองและทะเบียน
67,โรงเรียนวัดลำกะดาน สำนักงานเขตบางนา,67312974000,ข,9777900,การคลัง,แผนงานบริหารการคลัง
67,โรงเรียนวัดลำกะดาน สำนักงานเขตบางนา,67312974000,ค,109600900,เทศกิจ/รักษาความสะอาด,แผนงานรักษาความสะอาด: งานรักษาความสะอาด
67,โรงเรียนวัดลำกะดาน สำนักงานเขตบางนา,67312974000,ง,13736100,เทศกิจ/รักษาความสะอาด,แผนงานรักษาความเป็นระเบียบเรียบร้อย: งานบริหารและบังคับการเทศกิจ
67,โรงเรียนวัดลำกะดาน สำนักงานเขตบางนา,67312974000,จ,32924900,โยธา/ก่อสร้าง/จราจร,แผนงานการโยธา: งานการโยธา
67,โรงเรียนวัดลำกะดาน สำนักงานเขตบางนา,67312974000,,8188200,น้ำท่วม/ทางเท้า,แผนงานการระบายน้ำและแก้ไขปัญหาน้ำท่วม
67,โรงเรียนวัดลำกะดาน สำนักงานเขตบางนา,67312974000,ช,19600000,สิ่งแวดล้อม,แผนงานพัฒนาสภาวะส่ิงแวดล้อม: งานปลูกและบำรุงรักษาต้นไม้
67,โรงเรียนวัดลำกะดาน สำนักงานเขตบางนา,67312974000,ซ,19068200,พัฒนาชุมชน/อาชีพ,แผนงานพัฒนาชุมชน: งานพัฒนาชุมชน
67,โรงเรียนวัดลำกะดาน สำนักงานเขตบางนา,67312974000,,5727400,อนามัย/สาธารณะสุข,งานควบคุมอนามัย
67,โรงเรียนวัดลำกะดาน สำนักงานเขตบางนา,67312974000,ญ,68858000,ทั่วไป/บริหาร/อื่นๆ,แผนงานบริหารการศึกษา: งานบริหารการศึกษา
68,สำนักงานเขตทวีวัฒนา,376179600,,376179600,ทั่วไป/บริหาร/อื่นๆ,รายจ่ายประจำ
68,สำนักงานเขตทวีวัฒนา,376179600,ก,24384300,ทั่วไป/บริหาร/อื่นๆ,แผนงานบริหารงานปกครองและทะเบียน
68,สำนักงานเขตทวีวัฒนา,376179600,ข,10018000,การคลัง,แผนงานบริหารการคลัง
68,สำนักงานเขตทวีวัฒนา,376179600,ค,105012400,เทศกิจ/รักษาความสะอาด,แผนงานรักษาความสะอาด: งานรักษาความสะอาด
68,สำนักงานเขตทวีวัฒนา,376179600,ง,14835700,เทศกิจ/รักษาความสะอาด,แผนงานรักษาความเป็นระเบียบเรียบร้อย: งานบริหารและบังคับการเทศกิจ
68,สำนักงานเขตทวีวัฒนา,376179600,จ,76003600,โยธา/ก่อสร้าง/จราจร,แผนงานการโยธา: งานการโยธา
68,สำนักงานเขตทวีวัฒนา,376179600,,10845200,น้ำท่วม/ทางเท้า,แผนงานการระบายน้ำและแก้ไขปัญหาน้ำท่วม
68,สำนักงานเขตทวีวัฒนา,376179600,ช,41109600,สิ่งแวดล้อม,แผนงานพัฒนาสภาวะส่ิงแวดล้อม: งานปลูกและบำรุงรักษาต้นไม้
68,สำนักงานเขตทวีวัฒนา,376179600,ซ,20829200,พัฒนาชุมชน/อาชีพ,แผนงานพัฒนาชุมชน: งานพัฒนาชุมชน
68,สำนักงานเขตทวีวัฒนา,376179600,,8557000,อนามัย/สาธารณะสุข,แผนงานควบคุมอนามัย
68,สำนักงานเขตทวีวัฒนา,376179600,ญ,64584600,การศึกษา,แผนงานบริหารการศึกษา: งานบริหารการศึกษา
69,สำนักงานเขตทุ่งครุ,393224000,,393224000,ทั่วไป/บริหาร/อื่นๆ,รายจ่ายประจำ
69,สำนักงานเขตทุ่งครุ,393224000,ก,28571900,ทั่วไป/บริหาร/อื่นๆ,แผนงานบริหารงานปกครองและทะเบียน
69,สำนักงานเขตทุ่งครุ,393224000,ข,10107700,การคลัง,แผนงานบริหารการคลัง
69,สำนักงานเขตทุ่งครุ,393224000,ค,104100400,เทศกิจ/รักษาความสะอาด,แผนงานรักษาความสะอาด: งานรักษาความสะอาด
69,สำนักงานเขตทุ่งครุ,393224000,ง,13815300,เทศกิจ/รักษาความสะอาด,แผนงานรักษาความเป็นระเบียบเรียบร้อย: งานบริหารและบังคับการเทศกิจ
69,สำนักงานเขตทุ่งครุ,393224000,จ,98895900,โยธา/ก่อสร้าง/จราจร,แผนงานการโยธา
69,สำนักงานเขตทุ่งครุ,393224000,,13085000,น้ำท่วม/ทางเท้า,แผนงานการระบายน้ำและแก้ไขปัญหาน้ำท่วม
69,สำนักงานเขตทุ่งครุ,393224000,ช,16023300,สิ่งแวดล้อม,แผนงานพัฒนาสภาวะส่ิงแวดล้อม: งานปลูกและบำรุงรักษาต้นไม้
69,สำนักงานเขตทุ่งครุ,393224000,ซ,21994200,พัฒนาชุมชน/อาชีพ,แผนงานพัฒนาชุมชน: งานพัฒนาชุมชน
69,สำนักงานเขตทุ่งครุ,393224000,,5944400,อนามัย/สาธารณะสุข,แผนงานควบคุมอนามัย
69,สำนักงานเขตทุ่งครุ,393224000,ญ,80685900,การศึกษา,แผนงานบริหารการศึกษา: งานบริหารการศึกษา
70,สำนักงานเขตบางบอน,352621000,,352621000,ทั่วไป/บริหาร/อื่นๆ,รายจ่ายประจำ
70,สำนักงานเขตบางบอน,352621000,ก,24233900,ทั่วไป/บริหาร/อื่นๆ,แผนงานบริหารงานปกครองและทะเบียน
70,สำนักงานเขตบางบอน,352621000,ข,10549200,การคลัง,แผนงานบริหารการคลัง
70,สำนักงานเขตบางบอน,352621000,ค,115432400,เทศกิจ/รักษาความสะอาด,แผนงานรักษาความสะอาด: งานรักษาความสะอาด
70,สำนักงานเขตบางบอน,352621000,ง,14871300,เทศกิจ/รักษาความสะอาด,แผนงานรักษาความเป็นระเบียบเรียบร้อย: งานบริหารและบังคับการเทศกิจ
70,สำนักงานเขตบางบอน,352621000,จ,40701700,โยธา/ก่อสร้าง/จราจร,แผนงานการโยธา: งานการโยธา
70,สำนักงานเขตบางบอน,352621000,,15107200,น้ำท่วม/ทางเท้า,แผนงานการระบายน้ำและแก้ไขปัญหาน้ำท่วม
70,สำนักงานเขตบางบอน,352621000,ช,28320300,สิ่งแวดล้อม,แผนงานพัฒนาสภาวะส่ิงแวดล้อม: งานปลูกและบำรุงรักษาต้นไม้
70,สำนักงานเขตบางบอน,352621000,ซ,11878200,พัฒนาชุมชน/อาชีพ,แผนงานพัฒนาชุมชน: งานพัฒนาชุมชน
70,สำนักงานเขตบางบอน,352621000,,5956600,อนามัย/สาธารณะสุข,แผนงานควบคุมอนามัย
70,สำนักงานเขตบางบอน,352621000,ญ,85570200,การศึกษา,แผนงานบริหารการศึกษา: งานบริหารการศึกษา
71,มหาวิทยาลัยนวมินทราธิราช,3134633000,,3134633000,ทั่วไป/บริหาร/อื่นๆ,รายจ่ายประจำ
71,มหาวิทยาลัยนวมินทราธิราช,3134633000,ก,1955665500,ทั่วไป/บริหาร/อื่นๆ,งานมหาวิทยาลัย
71,มหาวิทยาลัยนวมินทราธิราช,3134633000,ข,37261200,การแพทย์/โรงพยาบาล,โครงการการอนุรักษ์อาคารวชิรานุสรณ์ (ตึกเหลือง)วิทยาลัยแพทยศาสตร์กรุงเทพมหานครและวชิรพยาบาล
71,มหาวิทยาลัยนวมินทราธิราช,3134633000,ค,9347490000,การแพทย์/โรงพยาบาล,โครงการก่อสร้างอาคารผู้ป่วยนอก  ชั้นและท่ีจอดรถใต้ดินวิทยาลัยแพทยศาสตร์กรุงเทพมหานครและวชิรพยาบาล
71,มหาวิทยาลัยนวมินทราธิราช,3134633000,ฆ,386066300,การแพทย์/โรงพยาบาล,โครงการก่อสร้างอาคารบริการวิชาการ คณะแพทยศาสตร์วชิรพยาบาลมหาวิทยาลัยนวมินทราธิราช
71,มหาวิทยาลัยนวมินทราธิราช,3134633000,ง,122400000,การแพทย์/โรงพยาบาล,โครงการก่อสร้างอาคารหอพักแพทย์ และพยาบาล คณะแพทยศาสตร์วชิรพยาบาลมหาวิทยาลัยนวมินทราธิราช
71,มหาวิทยาลัยนวมินทราธิราช,3134633000,จ,15340000,การแพทย์/โรงพยาบาล,โครงการก่อสร้างอาคารเวชภัณฑ์กลาง คณะแพทยศาสตร์วชิรพยาบาล มหาวิทยาลัยนวมินทราธิราช
71,มหาวิทยาลัยนวมินทราธิราช,3134633000,ช,120000000,การแพทย์/โรงพยาบาล,โครงการก่อสร้างอาคารศูนย์มะเร็งเฉลิมพระเกียรติคณะแพทยศาสตร์วชิรพยาบาล มหาวิทยาลัยนวมินทราธิราช
71,มหาวิทยาลัยนวมินทราธิราช,3134633000,ซ,112500000,โยธา/ก่อสร้าง/จราจร,โครงการก่อสร้างสถานีไฟฟ้าย่อยและระบบโครงข่ายไฟฟ้า พร้อมติดตั้ง
71,มหาวิทยาลัยนวมินทราธิราช,3134633000,ญ,1026910000,การแพทย์/โรงพยาบาล,โครงการปรับปรุงอาคารหอพักแพทย์ พยาบาลและบุคลากรของคณะแพทยศาสตร์วชิรพยาบาล ซอยสุโขทัย
71,มหาวิทยาลัยนวมินทราธิราช,3134633000,ฎ,210000000,การแพทย์/โรงพยาบาล,โครงการก่อสร้างอาคารบริการวิชาการ คณะแพทยศาสตร์วชิรพยาบาล มหาวิทยาลัยนวมินทราธิราช  ระยะท่ี
71,มหาวิทยาลัยนวมินทราธิราช,3134633000,ฏ,1000000,การแพทย์/โรงพยาบาล,โครงการก่อสร้างอาคารสถานพยาบาลบางบอน