หมายเลขงบ,ชื่องบ,แผนงาน,ชื่องบแจกแจง,หมายเลขงบแผนงาน,หมายเลขแจกแจงงบ,งบแจกแจง
1,งบกลาง,เงินสำรองจ่ายท่ัวไป,กรณีฉุกเฉินหรือจำเป็น,ก,1,1100000000
1,งบกลาง,เงินสำรองจ่ายท่ัวไป,กรณีค่าใช้จ่ายต่าง ๆ เก่ียวกับน้ำท่วม,ก,2,2100000000
1,งบกลาง,เงินสำรองจ่ายท่ัวไป,กรณีค่าใช้จ่ายเพื่อการพัฒนากรุงเทพมหานคร,ก,3,3286536500
1,งบกลาง,เงินช่วยเหลือข้าราชการและลูกจ้าง,กรณีค่าใช้จ่ายเพื่อการพัฒนากรุงเทพมหานคร,ข,3,3286536500
1,งบกลาง,เงินบำเหน็จลูกจ้าง,กรณีค่าใช้จ่ายเพื่อการพัฒนากรุงเทพมหานคร,ค,3,3286536500
1,งบกลาง,ค่าติดต้ังไฟฟ้าสาธารณะ,กรณีค่าใช้จ่ายเพื่อการพัฒนากรุงเทพมหานคร,ง,3,3286536500
1,งบกลาง,เงินสำรองสำหรับค่างาน ส่วนท่ีเพ่ิมตามสัญญา แบบปรับราคาได้,กรณีค่าใช้จ่ายเพื่อการพัฒนากรุงเทพมหานคร,จ,3,3286536500
1,งบกลาง,เงินรางวัลและเงินช่วยเหลือสำหรับผลการปฏิบัติราชการประจำปี,เงินสำรองสำหรับภาระผูกพันท่ีค้างจ่ายตามกฎหมาย,ซ,9,91555873938
1,งบกลาง,เงินรางวัลและเงินช่วยเหลือสำหรับผลการปฏิบัติราชการประจำปี,เงินช่วยค่าครองชีพผู้ได้รับบำนาญของกรุงเทพมหานคร,ซ,10,10218000000
1,งบกลาง,เงินรางวัลและเงินช่วยเหลือสำหรับผลการปฏิบัติราชการประจำปี,เงินสำรองสำหรับจ่ายเป็นเงินบำเหน็จบำนาญข้าราชการกรุงเทพมหานคร,ซ,11,112353368000
2,สำนักงานเลขานุการสภากรุงเทพมหานคร,เงินรางวัลและเงินช่วยเหลือสำหรับผลการปฏิบัติราชการประจำปี,เงินสำรองสำหรับจ่ายเป็นเงินบำเหน็จบำนาญข้าราชการกรุงเทพมหานคร,ซ,11,112353368000
5,สำนักปลัดกรุงเทพมหานคร,แผนงานบริหารท่ัวไป,งานบริหารท่ัวไป,ก,1,1212888400
5,สำนักปลัดกรุงเทพมหานคร,แผนงานบริหารท่ัวไป,โครงการพัฒนาระบบสารบรรณอิเล็กทรอนิกส์ของกรุงเทพมหานคร,ก,2,29800000
5,สำนักปลัดกรุงเทพมหานคร,แผนงานบริหารงานปกครองและทะเบียน,โครงการพัฒนาระบบสารบรรณอิเล็กทรอนิกส์ของกรุงเทพมหานคร,ข,2,29800000
5,สำนักปลัดกรุงเทพมหานคร,แผนงานบริหารการคลัง,โครงการพัฒนาระบบสารบรรณอิเล็กทรอนิกส์ของกรุงเทพมหานคร,ค,2,29800000
5,สำนักปลัดกรุงเทพมหานคร,แผนงานบริหารงานบุคคล,โครงการพัฒนาระบบสารบรรณอิเล็กทรอนิกส์ของกรุงเทพมหานคร,ง,2,29800000
5,สำนักปลัดกรุงเทพมหานคร,แผนงานบริหารงานบุคคล,งานการเจ้าหน้าท่ี,ง,1,198203100
5,สำนักปลัดกรุงเทพมหานคร,แผนงานบริหารงานบุคคล,โครงการก่อสร้างอาคารสงเคราะห์ข้าราชการและลูกจ้างประจำ ของกรุงเทพมหานครในพื นท่ีเขตบางบอน,ง,2,262266400
5,สำนักปลัดกรุงเทพมหานคร,แผนงานส่งเสริมระบบบริหาร,โครงการก่อสร้างอาคารสงเคราะห์ข้าราชการและลูกจ้างประจำ ของกรุงเทพมหานครในพื นท่ีเขตบางบอน,จ,2,262266400
5,สำนักปลัดกรุงเทพมหานคร,แผนงานส่งเสริมระบบบริหาร,งานพัฒนาบุคลากรและองค์การ,จ,1,1281244900
5,สำนักปลัดกรุงเทพมหานคร,แผนงานส่งเสริมระบบบริหาร,งานกฎหมายและคดี,จ,2,238106200
5,สำนักปลัดกรุงเทพมหานคร,แผนงานส่งเสริมระบบบริหาร,งานประชาสัมพันธ์,จ,3,3101478900
5,สำนักปลัดกรุงเทพมหานคร,แผนงานส่งเสริมระบบบริหาร,งานผู้ตรวจราชการกรุงเทพมหานคร,จ,4,463695700
5,สำนักปลัดกรุงเทพมหานคร,แผนงานส่งเสริมระบบบริหาร,งานการต่างประเทศ,จ,5,552279700
6,สำนักการแพทย์,แผนงานส่งเสริมระบบบริหาร,งานการต่างประเทศ,จ,5,552279700
6,สำนักการแพทย์,แผนงานบริหารท่ัวไป,งานการต่างประเทศ,ก,5,552279700
6,สำนักการแพทย์,แผนงานบริการด้านการแพทย์,งานการต่างประเทศ,ข,5,552279700
6,สำนักการแพทย์,แผนงานบริการด้านการแพทย์,งานรักษาพยาบาล โรงพยาบาลกลาง,ข,1,1771780900
6,สำนักการแพทย์,แผนงานบริการด้านการแพทย์,งานรักษาพยาบาล โรงพยาบาลตากสิน,ข,2,2759323000
6,สำนักการแพทย์,แผนงานบริการด้านการแพทย์,โครงการก่อสร้างอาคารอเนกประสงค์โรงพยาบาลตากสิน,ข,3,375947000
6,สำนักการแพทย์,แผนงานบริการด้านการแพทย์,งานรักษาพยาบาล โรงพยาบาลเจริญกรุงประชารักษ์,ข,4,4760261000
6,สำนักการแพทย์,แผนงานบริการด้านการแพทย์,โครงการเพ่ิมศักยภาพหน่วยห้องปฏิบัติการสวนหัวใจและหลอดเลือด โรงพยาบาลเจริญกรุงประชารักษ์,ข,5,527000000
6,สำนักการแพทย์,แผนงานบริการด้านการแพทย์,งานรักษาพยาบาล โรงพยาบาลหลวงพ่อทวีศักด์ิชุตินธโร อุทิศ,ข,6,6221608200
6,สำนักการแพทย์,แผนงานบริการด้านการแพทย์,งานรักษาพยาบาล โรงพยาบาลลาดกระบังกรุงเทพมหานคร,ข,7,7162365000
6,สำนักการแพทย์,แผนงานบริการด้านการแพทย์,โครงการก่อสร้างอาคารหอผู้ป่วยโรงพยาบาลลาดกระบังกรุงเทพมหานคร,ข,8,81000000
6,สำนักการแพทย์,แผนงานบริการด้านการแพทย์,งานรักษาพยาบาล โรงพยาบาลราชพิพัฒน์,ข,9,9268341300
6,สำนักการแพทย์,แผนงานบริการด้านการแพทย์,โครงการก่อสร้างอาคารเวชภัณฑ์กลางและหน่วยงานสนับสนุน โรงพยาบาลราชพิพัฒน์,ข,10,1079013000
6,สำนักการแพทย์,แผนงานบริการด้านการแพทย์,งานรักษาพยาบาล โรงพยาบาลสิรินธร,ข,11,11436684900
6,สำนักการแพทย์,แผนงานบริการด้านการแพทย์,งานบริการการแพทย์ฉุกเฉินกรุงเทพมหานคร,ข,12,1255921800
6,สำนักการแพทย์,แผนงานบริการด้านการแพทย์,งานรักษาพยาบาล โรงพยาบาลเวชการุณย์รัศม์ิ,ข,13,13223435200
6,สำนักการแพทย์,แผนงานบริการด้านการแพทย์,งานรักษาพยาบาล โรงพยาบาลผู้สูงอายุบางขุนเทียน,ข,14,14116978800
6,สำนักการแพทย์,แผนงานบริการด้านการแพทย์,โครงการก่อสร้างเข่ือนกั นน้ำเพื่อรองรับการพัฒนาพื นท่ีโรงพยาบาลผู้สูงอายุบางขุนเทียน,ข,15,157000000
6,สำนักการแพทย์,แผนงานบริการด้านการแพทย์,งานรักษาพยาบาล โรงพยาบาลคลองสามวา,ข,16,1624678200
6,สำนักการแพทย์,แผนงานบริการด้านการแพทย์,งานรักษาพยาบาล โรงพยาบาลบางนากรุงเทพมหานคร,ข,17,1717420300
6,สำนักการแพทย์,แผนงานพัฒนาด้านการแพทย์และอนามัย,งานรักษาพยาบาล โรงพยาบาลบางนากรุงเทพมหานคร,ค,17,1717420300
7,สำนักอนามัย,แผนงานบริหารท่ัวไป,งานรักษาพยาบาล โรงพยาบาลบางนากรุงเทพมหานคร,ก,17,1717420300
7,สำนักอนามัย,แผนงานบริหารท่ัวไป,งานบริหารท่ัวไปด้านการสาธารณสุข,ก,1,144560400
7,สำนักอนามัย,แผนงานบริหารท่ัวไป,งานบริหารการพยาบาล,ก,2,240539700
7,สำนักอนามัย,แผนงานอนามัยส่ิงแวดล้อม,งานบริหารการพยาบาล,ข,2,240539700
7,สำนักอนามัย,แผนงานอนามัยส่ิงแวดล้อม,งานสุขาภิบาลส่ิงแวดล้อม,ข,1,128974600
7,สำนักอนามัย,แผนงานอนามัยส่ิงแวดล้อม,งานสุขาภิบาลอาหาร,ข,2,235219900
7,สำนักอนามัย,แผนงานอนามัย,งานสุขาภิบาลอาหาร,ค,2,235219900
7,สำนักอนามัย,แผนงานอนามัย,งานเภสัชกรรม,ค,1,1138286600
7,สำนักอนามัย,แผนงานอนามัย,งานทันตสาธารณสุข,ค,2,2173039300
7,สำนักอนามัย,แผนงานอนามัย,งานป้องกันและบำบัดการติดยาเสพติด,ค,3,363385800
7,สำนักอนามัย,แผนงานอนามัย,งานจัดบริการสาธารณสุข,ค,4,41249899000
7,สำนักอนามัย,แผนงานอนามัย,โครงการก่อสร้างอาคารศูนย์บริการสาธารณสุข ราษฏร์บูรณะ,ค,5,5398000000
7,สำนักอนามัย,แผนงานอนามัย,โครงการก่อสร้างอาคารศูนย์บริการสาธารณสุข คลองขวาง,ค,6,64710000000
7,สำนักอนามัย,แผนงานอนามัย,งานชันสูตรสาธารณสุข,ค,7,754419300
7,สำนักอนามัย,แผนงานอนามัย,งานพัฒนาระบบสาธารณสุข,ค,8,8256001400
7,สำนักอนามัย,แผนงานอนามัย,งานสร้างเสริมสุขภาพ,ค,9,9108227700
7,สำนักอนามัย,แผนงานอนามัย,งานควบคุมโรคติดต่อ,ค,10,10103567500
7,สำนักอนามัย,แผนงานอนามัย,งานสัตวแพทย์สาธารณสุข,ค,11,11115710800
7,สำนักอนามัย,แผนงานอนามัย,โครงการก่อสร้างอาคารศูนย์ควบคุมสุนัขกรุงเทพมหานคร (ประเวศ),ค,12,1215600000
7,สำนักอนามัย,แผนงานอนามัย,งานควบคุมโรคเอดส์ วัณโรคและโรคติดต่อทางเพศสัมพันธ์,ค,13,1328847800
8,สำนักการศึกษา,แผนงานอนามัย,งานควบคุมโรคเอดส์ วัณโรคและโรคติดต่อทางเพศสัมพันธ์,ค,13,1328847800
8,สำนักการศึกษา,แผนงานบริหารท่ัวไป,งานควบคุมโรคเอดส์ วัณโรคและโรคติดต่อทางเพศสัมพันธ์,ก,13,1328847800
8,สำนักการศึกษา,แผนงานบริหารท่ัวไป,งานบริหารท่ัวไปด้านการศึกษา,ก,1,1108343488
8,สำนักการศึกษา,แผนงานบริหารท่ัวไป,โครงการก่อสร้างอาคารเรียน  ชั้น โรงเรียนมีนบุรี สำนักงานเขตมีนบุรี,ก,2,2524659100
8,สำนักการศึกษา,แผนงานบริหารท่ัวไป,โครงการก่อสร้างอาคารเรียน  ชั้นโรงเรียนสุเหร่าบางชัน สำนักงานเขตมีนบุรี,ก,3,3512844558
8,สำนักการศึกษา,แผนงานบริหารท่ัวไป,โครงการก่อสร้างอาคารเรียน  ชั้นโรงเรียนสุเหร่าคลองหน่ึง (มานะราษฎร์บำรุง)สำนักงานเขตคลองสามวา,ก,4,4510265668
8,สำนักการศึกษา,แผนงานบริหารท่ัวไป,โครงการก่อสร้างอาคารเรียน  ชั้น และปรับปรุงลานอเนกประสงค์ โรงเรียนวัดบางกระด่ี สำนักงานเขตบางขุนเทียน,ก,5,5512408000
8,สำนักการศึกษา,แผนงานบริหารท่ัวไป,โครงการก่อสร้างอาคารเรียน  ชั้น โรงเรียนคงโครัดอุทิศ สำนักงานเขตบางบอน,ก,6,6511580789
8,สำนักการศึกษา,แผนงานบริหารท่ัวไป,โครงการก่อสร้างอาคารเรียน  ชั้น โรงเรียนแย้มจาดวิชชานุสรณ์ สำนักงานเขตบึงกุ่ม,ก,7,758545440
8,สำนักการศึกษา,แผนงานบริหารท่ัวไป,โครงการก่อสร้างอาคารอเนกประสงค์  ชั้นโรงเรียนวัดตล่ิงชัน (ป่ินทองสัณฐาคาร)สำนักงานเขตตล่ิงชัน,ก,8,839954000
8,สำนักการศึกษา,แผนงานบริหารท่ัวไป,โครงการก่อสร้างอาคารเรียนและอาคารประกอบโรงเรียนบ้านขุนประเทศ สำนักงานเขตหนองแขม,ก,9,913090000
8,สำนักการศึกษา,แผนงานบริหารท่ัวไป,โครงการก่อสร้างอาคารบ้านพักอาศัย  ชั้น โรงเรียนวัดลาดกระบัง (ศีลาภิรัตอุปถัมภ์)สำนักงานเขตลาดกระบัง,ก,10,1046852000
8,สำนักการศึกษา,แผนงานบริหารท่ัวไป,โครงการก่อสร้างอาคารเรียนและอาคารประกอบ โรงเรียนวัดพระยาสุเรนทร์ สำนักงานเขตคลองสามวา,ก,11,1111695000
8,สำนักการศึกษา,แผนงานบริหารท่ัวไป,โครงการก่อสร้างอาคารอเนกประสงค์  ชั้นโรงเรียนซอยแอนเนกซ์ (กาญจนาภิเษก )สำนักงานเขตสายไหม,ก,12,12429281999
8,สำนักการศึกษา,แผนงานบริหารท่ัวไป,โครงการก่อสร้างอาคารเรียน  ชั้น โรงเรียนวัดเกาะสุวรรณาราม สำนักงานเขตสายไหม,ก,13,13510891000
8,สำนักการศึกษา,แผนงานบริหารท่ัวไป,โครงการก่อสร้างอาคารเรียน  ชั้น โรงเรียนวัดหนองจอก (ภักดีนรเศรษฐ)สำนักงานเขตหนองจอก,ก,14,1459692000
8,สำนักการศึกษา,แผนงานบริหารท่ัวไป,โครงการก่อสร้างอาคารเรียน  ชั้นโรงเรียนวัดตะกล่ำ สำนักงานเขตประเวศ,ก,15,15510797000
8,สำนักการศึกษา,แผนงานบริหารท่ัวไป,โครงการก่อสร้างอาคารเรียน  ชั้น โรงเรียนชูสินทองประดิษฐ์อนุสรณ์ สำนักงานเขตทุ่งครุ,ก,16,1656369000
8,สำนักการศึกษา,แผนงานบริหารท่ัวไป,โครงการก่อสร้างอาคารอเนกประสงค์  ชั้นโรงเรียนประชานุกูล สำนักงานเขตสายไหม,ก,17,1735824000
8,สำนักการศึกษา,แผนงานบริหารท่ัวไป,โครงการก่อสร้างอาคารบ้านพักอาศัย  ชั้นโรงเรียนลำพะอง (ราษฎร์จำเริญบำรุง) สำนักงานเขตลาดกระบัง,ก,18,1846840400
8,สำนักการศึกษา,แผนงานบริหารท่ัวไป,โครงการก่อสร้างอาคารเรียน  ชั้นโรงเรียนประชาอุทิศ (จันทาบอนุสรณ์) สำนักงานเขตดอนเมือง,ก,19,19517560000
8,สำนักการศึกษา,แผนงานบริหารท่ัวไป,โครงการก่อสร้างอาคารเรียน  ชั้น โรงเรียนสุเหร่าหะยีมินา สำนักงานเขตหนองจอก,ก,20,20517284469
8,สำนักการศึกษา,แผนงานบริหารท่ัวไป,โครงการก่อสร้างอาคารบ้านพักอาศัย  ชั้นโรงเรียนวัดพระยาสุเรนทร์ สำนักงานเขตคลองสามวา,ก,21,2148670200
8,สำนักการศึกษา,แผนงานบริหารท่ัวไป,โครงการก่อสร้างอาคารบ้านพักอาศัย  ชั้น โรงเรียนวัดสามง่าม สำนักงานเขตหนองจอก,ก,22,2247513759
8,สำนักการศึกษา,แผนงานบริหารท่ัวไป,โครงการก่อสร้างอาคารบ้านพักอาศัย  ชั้นโรงเรียนวัดแป้นทอง (สามวาวิทยา)สำนักงานเขตคลองสามวา,ก,23,2348516530
8,สำนักการศึกษา,แผนงานบริหารท่ัวไป,โครงการปรับปรุงค่ายลูกเสือกรุงเทพมหานคร(พิศลยบุตร),ก,24,2424820000
8,สำนักการศึกษา,แผนงานบริหารท่ัวไป,โครงการปรับปรุงค่ายลูกเสือกรุงธน,ก,25,2520060000
8,สำนักการศึกษา,แผนงานบริหารท่ัวไป,งานการเจ้าหน้าท่ี,ก,26,2680706500
8,สำนักการศึกษา,แผนงานบริหารท่ัวไป,งานบริหารการคลัง,ก,27,2736580200
8,สำนักการศึกษา,แผนงานพัฒนาคุณภาพการศึกษา,งานบริหารการคลัง,ข,27,2736580200
8,สำนักการศึกษา,แผนงานพัฒนาคุณภาพการศึกษา,งานยุทธศาสตร์การศึกษา,ข,1,156023800
8,สำนักการศึกษา,แผนงานพัฒนาคุณภาพการศึกษา,งานพัฒนาเทคโนโลยีการศึกษา,ข,2,226479400
8,สำนักการศึกษา,แผนงานพัฒนาคุณภาพการศึกษา,โครงการพัฒนาระบบคอมพิวเตอร์เพื่อการเรียนรู้ต่อเน่ือง,ข,3,363298900
8,สำนักการศึกษา,แผนงานพัฒนาคุณภาพการศึกษา,โครงการพัฒนาระบบสารสนเทศและเทคโนโลยีการจัดการศึกษา,ข,4,418226400
8,สำนักการศึกษา,แผนงานพัฒนาคุณภาพการศึกษา,โครงการพัฒนาระบบอินเทอร์เน็ตในโรงเรียนสังกัดกรุงเทพมหานคร,ข,5,510700000
8,สำนักการศึกษา,แผนงานพัฒนาคุณภาพการศึกษา,งานพัฒนาการนิเทศการศึกษา,ข,6,6394403800
8,สำนักการศึกษา,แผนงานพัฒนาคุณภาพการศึกษา,งานพัฒนาข้าราชการครูและบุคลากรทางการศึกษา,ข,7,7146835100
8,สำนักการศึกษา,แผนงานพัฒนาคุณภาพการศึกษา,งานเสริมสร้างสมรรถนะนักเรียน,ข,8,814091300
9,สำนักการโยธา,แผนงานพัฒนาคุณภาพการศึกษา,งานเสริมสร้างสมรรถนะนักเรียน,ข,8,814091300
9,สำนักการโยธา,แผนงานบริหารท่ัวไป,งานเสริมสร้างสมรรถนะนักเรียน,ก,8,814091300
9,สำนักการโยธา,แผนงานบริหารท่ัวไป,งานบริหารท่ัวไปด้านการโยธาและระบบจราจร,ก,1,1101301080
9,สำนักการโยธา,แผนงานบริหารท่ัวไป,งานแผนงานและประสานสาธารณูปโภค,ก,2,232748900
9,สำนักการโยธา,แผนงานการโยธา,งานแผนงานและประสานสาธารณูปโภค,ข,2,232748900
9,สำนักการโยธา,แผนงานการโยธา,งานสำรวจออกแบบและก่อสร้าง,ข,1,1218440300
9,สำนักการโยธา,แผนงานการโยธา,โครงการก่อสร้างปรับปรุงซอยพระรามท่ี  ซอย,ข,2,228252000000
9,สำนักการโยธา,แผนงานการโยธา,โครงการก่อสร้างศูนย์เวชศาสตร์การกีฬาและเวชศาสตร์ฟ้ืนฟูหอพักแพทย์ หอพักพยาบาล และอาคารจอดรถยนต์ โรงพยาบาลเจริญกรุงประชารักษ์,ข,3,3254164370
9,สำนักการโยธา,แผนงานการโยธา,โครงการก่อสร้างอาคารศูนย์สุขภาพโรงพยาบาลเวชการุณย์รัศม์ิ,ข,4,445522000
9,สำนักการโยธา,แผนงานการโยธา,โครงการจ้างท่ีปรึกษาควบคุมการก่อสร้างโครงการต่อขยายสะพานอรุณอมรินทร์พร้อมทางขึ น-ลงและทางยกระดับข้ามแยกศิริราช,ข,5,58571350
9,สำนักการโยธา,แผนงานการโยธา,โครงการปรับปรุงถนนประชาร่วมใจ-ถนนมิตรไมตรี,ข,6,6158500000
9,สำนักการโยธา,แผนงานการโยธา,โครงการก่อสร้างปรับปรุงถนนคุ้มเกล้า,ข,7,7429313500
9,สำนักการโยธา,แผนงานการโยธา,งานควบคุมอาคาร,ข,8,845102900
9,สำนักการโยธา,แผนงานการโยธา,งานควบคุมการก่อสร้าง,ข,9,972415400
9,สำนักการโยธา,แผนงานการโยธา,โครงการก่อสร้างศูนย์บริการสาธารณสุข  โพธ์ิศรี,ข,10,103425181200
9,สำนักการโยธา,แผนงานการโยธา,โครงการก่อสร้างสะพานข้ามแยก ณ ระนอง,ข,11,11255000000
9,สำนักการโยธา,แผนงานการโยธา,โครงการก่อสร้างทางลอดรัชดา - ราชพฤกษ์,ข,12,12170097100
9,สำนักการโยธา,แผนงานการโยธา,โครงการก่อสร้างปรับปรุงถนนสามวา,ข,13,1327550000
9,สำนักการโยธา,แผนงานการโยธา,โครงการต่อเช่ือมถนนกาญจนาภิเษก-ถนนพุทธมณฑลสาย,ข,14,142385000000
9,สำนักการโยธา,แผนงานการโยธา,โครงการก่อสร้างปรับปรุงถนนศาลาธรรมสพน์จากถนนพุทธมณฑลสาย  ถึงถนนทวีวัฒนา,ข,15,15292403800
9,สำนักการโยธา,แผนงานการโยธา,โครงการก่อสร้างอาคารศูนย์บริการสาธารณสุข บางซ่ือ,ข,16,16360379700
9,สำนักการโยธา,แผนงานการโยธา,โครงการก่อสร้างอาคารศูนย์บริการสาธารณสุข ล้อม-พิมเสน ฟักอุดม,ข,17,175815900000
9,สำนักการโยธา,แผนงานการโยธา,โครงการก่อสร้างปรับปรุงถนนและก่อสร้างทางยกระดับข้ามแยกถาวรธวัชและถนนซอยรามคำแหง,ข,18,182430000000
9,สำนักการโยธา,แผนงานการโยธา,โครงการก่อสร้างปรับปรุงถนนแสมดำช่วงจากถนนพระรามท่ี  ถึงคลองสนามชัย,ข,19,19220000000
9,สำนักการโยธา,แผนงานการโยธา,โครงการก่อสร้างถนนเลียบคลองบางเขนเช่ือมถนนวิภาวดีรังสิตกับถนนพหลโยธิน,ข,20,2031000000
9,สำนักการโยธา,แผนงานการโยธา,โครงการก่อสร้างปรับปรุงถนนเทิดราชัน Sta+ ถึงถนนเชิดวุฒากาศ,ข,21,21293515000000
9,สำนักการโยธา,แผนงานการโยธา,โครงการปรับปรุงอาคารธานีนพรัตน์ ศาลาว่าการกรุงเทพมหานคร  ดินแดง,ข,22,22250000000
9,สำนักการโยธา,แผนงานการโยธา,โครงการทางหลวงท้องถ่ินสายเช่ือมระหว่างถนนวิภาวดีรังสิตกับถนนพหลโยธิน ช่วงท่ี จากถนนวิภาวดีรังสิตถึงสะพานข้ามคลองลาดพร้าว,ข,23,23160000000
9,สำนักการโยธา,แผนงานการโยธา,โครงการทางหลวงท้องถ่ินสายเช่ือมระหว่างถนนวิภาวดีรังสิตกับถนนพหลโยธิน ช่วงท่ี  จากสะพานข้ามคลองลาดพร้าวถึงถนนเทพรักษ์,ข,24,24260000000
9,สำนักการโยธา,แผนงานการโยธา,โครงการปรับปรุงและพัฒนาศูนย์บริการผู้สูงอายุดินแดง,ข,25,2518224000
9,สำนักการโยธา,แผนงานการโยธา,โครงการก่อสร้างปรับปรุงถนนไมตรีจิต ช่วงจากซอยไมตรีจิต ถึงถนนคลองเก้า,ข,26,263840000000
9,สำนักการโยธา,แผนงานการโยธา,โครงการต่อเช่ือมถนนพุทธมณฑลสาย  - ถนนพุทธมณฑลสาย,ข,27,2723155000000
9,สำนักการโยธา,แผนงานการโยธา,โครงการก่อสร้างอุโมงค์ทางเดินลอด,ข,28,28
9,สำนักการโยธา,แผนงานพัฒนาการโยธาและระบบจราจร,งานวิศวกรรมทาง,ค,33,33203237100
9,สำนักการโยธา,แผนงานพัฒนาการโยธาและระบบจราจร,งานก่อสร้างและบูรณะ,ค,1,11317433000
9,สำนักการโยธา,แผนงานพัฒนาการโยธาและระบบจราจร,โครงการปรับปรุงสะพานพระราม,ค,2,2833213000
9,สำนักการโยธา,แผนงานพัฒนาการโยธาและระบบจราจร,โครงการปรับปรุงทางเท้าถนนประชาอุทิศ ช่วงจากถนนสุขสวัสด์ิถึงสุดเขตกรุงเทพมหานคร พื นท่ีเขตราษฎร์บูรณะและเขตทุ่งครุ,ค,3,334500000
9,สำนักการโยธา,แผนงานพัฒนาการโยธาและระบบจราจร,โครงการปรับปรุงถนนบางเชือกหนัง ช่วงจากถนนพุทธมณฑลสาย  ถึงถนนตัดใหม่ พื นท่ีเขตตล่ิงชัน,ค,4,4136762100
9,สำนักการโยธา,แผนงานพัฒนาการโยธาและระบบจราจร,โครงการปรับปรุงภูมิทัศน์ถนนพหลโยธิน ช่วงจากห้าแยกลาดพร้าวถึงอนุสาวรีย์ชัยสมรภูมิ พื นท่ีเขตจตุจักรและเขตพญาไท,ค,5,538242200
9,สำนักการโยธา,แผนงานพัฒนาการโยธาและระบบจราจร,โครงการปรับปรุงสะพานข้ามคลองพระโขนง,ค,6,634698000
9,สำนักการโยธา,แผนงานพัฒนาการโยธาและระบบจราจร,โครงการปรับปรุงถนนหลวงแพ่ง ช่วงจากคลองพระยาเพชรถึงคลองกาหลง (สุดเขตกรุงเทพมหานคร)พื นท่ีเขตลาดกระบัง,ค,7,726439000
9,สำนักการโยธา,แผนงานพัฒนาการโยธาและระบบจราจร,โครงการปรับปรุงถนนทวีวัฒนา-กาญจนาภิเษกช่วงจากถนนพุทธมณฑลสาย  ถึงซอยทวีวัฒนา-กาญจนาภิเษก  พื นท่ีเขตทวีวัฒนา,ค,8,833024610000
9,สำนักการโยธา,แผนงานพัฒนาการโยธาและระบบจราจร,โครงการปรับปรุงและเสริมกำลังสะพานข้ามคลองในพื นท่ีความรับผิดชอบของศูนย์ก่อสร้างและบูรณะถนน  ส่วนก่อสร้างและบูรณะ,ค,9,93143230000
9,สำนักการโยธา,แผนงานพัฒนาการโยธาและระบบจราจร,โครงการจัดหาเคร่ืองผลิตแอสฟัลต์ชนิดเคล่ือนย้ายได้ (Mobile Asphalt Plant),ค,10,101000000
9,สำนักการโยธา,แผนงานพัฒนาการโยธาและระบบจราจร,โครงการจัดหาเคร่ืองฉีดล้างทำความสะอาดแรงดันสูง ติดตั้งบนเทรลเลอร์ชนิดลากจูง,ค,11,111000000
10,สำนักการระบายน้ำ,แผนงานพัฒนาการโยธาและระบบจราจร,โครงการจัดหาเคร่ืองฉีดล้างทำความสะอาดแรงดันสูง ติดตั้งบนเทรลเลอร์ชนิดลากจูง,ค,11,111000000
10,สำนักการระบายน้ำ,แผนงานบริหารท่ัวไป,โครงการจัดหาเคร่ืองฉีดล้างทำความสะอาดแรงดันสูง ติดตั้งบนเทรลเลอร์ชนิดลากจูง,ก,11,111000000
10,สำนักการระบายน้ำ,แผนงานพัฒนาระบบระบายน้ำ,โครงการจัดหาเคร่ืองฉีดล้างทำความสะอาดแรงดันสูง ติดตั้งบนเทรลเลอร์ชนิดลากจูง,ข,11,111000000
10,สำนักการระบายน้ำ,แผนงานพัฒนาระบบระบายน้ำ,งานพัฒนาระบบระบายน้ำ,ข,1,1355773300
10,สำนักการระบายน้ำ,แผนงานพัฒนาระบบระบายน้ำ,โครงการก่อสร้างอุโมงค์ระบายน้ำจากบึงหนองบอนลงสู่แม่น้ำเจ้าพระยา,ข,2,21200000000
10,สำนักการระบายน้ำ,แผนงานพัฒนาระบบระบายน้ำ,โครงการจ้างท่ีปรึกษาควบคุมการก่อสร้างโครงการก่อสร้างอุโมงค์ระบายน้ำจากบึงหนองบอนลงสู่แม่น้ำเจ้าพระยา,ข,3,315000000
10,สำนักการระบายน้ำ,แผนงานพัฒนาระบบระบายน้ำ,โครงการปรับปรุงแนวป้องกันน้ำท่วมริมแม่น้ำเจ้าพระยาบริเวณซอยราษฎร์บูรณะ,ข,4,4312315026
10,สำนักการระบายน้ำ,แผนงานพัฒนาระบบระบายน้ำ,โครงการก่อสร้างแก้มลิงสวนเบญจกิติ,ข,5,530000000
10,สำนักการระบายน้ำ,แผนงานพัฒนาระบบระบายน้ำ,โครงการก่อสร้างอุโมงค์ระบายน้ำคลองเปรมประชากรจากคลองบางบัวลงสู่แม่น้ำเจ้าพระยา,ข,6,6432000000
10,สำนักการระบายน้ำ,แผนงานพัฒนาระบบระบายน้ำ,โครงการจ้างท่ีปรึกษาควบคุมการก่อสร้างโครงการก่อสร้างอุโมงค์ระบายน้ำคลองเปรมประชากรจากคลองบางบัวลงสู่แม่น้ำเจ้าพระยา,ข,7,76000000
10,สำนักการระบายน้ำ,แผนงานพัฒนาระบบระบายน้ำ,โครงการก่อสร้างอุโมงค์ระบายน้ำคลองทวีวัฒนา บริเวณคอขวด,ข,8,8166815000
10,สำนักการระบายน้ำ,แผนงานพัฒนาระบบระบายน้ำ,โครงการจ้างท่ีปรึกษาควบคุมการก่อสร้างโครงการก่อสร้างอุโมงค์ระบายน้ำคลองทวีวัฒนาบริเวณคอขวด,ข,9,92500000
10,สำนักการระบายน้ำ,แผนงานพัฒนาระบบระบายน้ำ,โครงการก่อสร้างอุโมงค์ระบายน้ำคลองแสนแสบจากอุโมงค์ระบายน้ำคลองแสนแสบและคลองลาดพร้าวถึงบริเวณซอยลาดพร้าว,ข,10,10130127575000
10,สำนักการระบายน้ำ,แผนงานพัฒนาระบบระบายน้ำ,โครงการจ้างท่ีปรึกษาควบคุมการก่อสร้าง โครงการก่อสร้างอุโมงค์ระบายน้ำคลองแสนแสบจากอุโมงค์ระบายน้ำคลองแสนแสบและคลองลาดพร้าวถึงบริเวณซอยลาดพร้าว,ข,11,111302500000
10,สำนักการระบายน้ำ,แผนงานพัฒนาระบบระบายน้ำ,งานสารสนเทศระบายน้ำ,ข,12,12102793500
10,สำนักการระบายน้ำ,แผนงานพัฒนาระบบระบายน้ำ,โครงการจัดทำและพัฒนาระบบการบริหารจัดการน้ำเชิงรุก,ข,13,1346000000
10,สำนักการระบายน้ำ,แผนงานจัดการระบายน้ำและแก้ไขปัญหาน้ำท่วม,โครงการจัดทำและพัฒนาระบบการบริหารจัดการน้ำเชิงรุก,ค,13,1346000000
10,สำนักการระบายน้ำ,แผนงานจัดการระบายน้ำและแก้ไขปัญหาน้ำท่วม,งานเคร่ืองจักรกล,ค,1,1253888900
10,สำนักการระบายน้ำ,แผนงานจัดการระบายน้ำและแก้ไขปัญหาน้ำท่วม,งานระบบควบคุมน้ำ,ค,2,2875447100
10,สำนักการระบายน้ำ,แผนงานจัดการระบายน้ำและแก้ไขปัญหาน้ำท่วม,โครงการเดินระบบ บำรุงรักษาและบริหารจัดการอุโมงค์ระบายน้ำจากบึงมักกะสันลงสู่แม่น้ำเจ้าพระยา(ระยะท่ี ),ค,3,3290550000
10,สำนักการระบายน้ำ,แผนงานจัดการระบายน้ำและแก้ไขปัญหาน้ำท่วม,โครงการปรับปรุงเพ่ิมประสิทธิภาพสถานีสูบน้ำหน้า สน หัวหมาก,ค,4,444100000
10,สำนักการระบายน้ำ,แผนงานจัดการระบายน้ำและแก้ไขปัญหาน้ำท่วม,โครงการปรับปรุงเพ่ิมประสิทธิภาพสถานีสูบน้ำคลองห้วยขวาง,ค,5,545000000
10,สำนักการระบายน้ำ,แผนงานจัดการระบายน้ำและแก้ไขปัญหาน้ำท่วม,โครงการปรับปรุงเพ่ิมประสิทธิภาพสถานีสูบน้ำคลองบางนางจีน,ค,6,640500000
10,สำนักการระบายน้ำ,แผนงานจัดการระบายน้ำและแก้ไขปัญหาน้ำท่วม,โครงการปรับปรุงเพ่ิมประสิทธิภาพสถานีสูบน้ำคลองจิก,ค,7,710000000
10,สำนักการระบายน้ำ,แผนงานจัดการระบายน้ำและแก้ไขปัญหาน้ำท่วม,โครงการปรับปรุงเพ่ิมประสิทธิภาพสถานีสูบน้ำคลองจิต,ค,8,810000000
10,สำนักการระบายน้ำ,แผนงานจัดการระบายน้ำและแก้ไขปัญหาน้ำท่วม,โครงการปรับปรุงเพ่ิมประสิทธิภาพสถานีสูบน้ำคลองบ้านหลาย,ค,9,912000000
10,สำนักการระบายน้ำ,แผนงานจัดการระบายน้ำและแก้ไขปัญหาน้ำท่วม,โครงการปรับปรุงเพ่ิมประสิทธิภาพสถานีสูบน้ำคลองเตย,ค,10,1034000000
10,สำนักการระบายน้ำ,แผนงานจัดการระบายน้ำและแก้ไขปัญหาน้ำท่วม,งานระบบท่อระบายน้ำ,ค,11,11775007100
10,สำนักการระบายน้ำ,แผนงานจัดการระบายน้ำและแก้ไขปัญหาน้ำท่วม,งานระบบคลอง,ค,12,12408475770
10,สำนักการระบายน้ำ,แผนงานจัดการระบายน้ำและแก้ไขปัญหาน้ำท่วม,โครงการก่อสร้างเข่ือน คสล คลองบ้านหลายจากเข่ือนเดิมบริเวณคลองขวางล่างถึงเข่ือนเดิมบริเวณซอยวชิรธรรมสาธิต  (ครั้งท่ี ),ค,13,1355240000000
10,สำนักการระบายน้ำ,แผนงานจัดการระบายน้ำและแก้ไขปัญหาน้ำท่วม,โครงการก่อสร้างเข่ือน คสล ลำรางสาธารณะ  จากถนนลาดพร้าวถึงคลองตาหนัง (ครั้งท่ี ),ค,14,1417215000000
10,สำนักการระบายน้ำ,แผนงานจัดการระบายน้ำและแก้ไขปัญหาน้ำท่วม,โครงการปรับปรุงเข่ือน คสล คลองน้ำแก้ว จากคลองพญาเวิกถึงคลองลาดพร้าว,ค,15,1530000000
10,สำนักการระบายน้ำ,แผนงานจัดการระบายน้ำและแก้ไขปัญหาน้ำท่วม,โครงการก่อสร้างเข่ือน คสล และสถานีสูบน้ำคลองมหาศรจากบริเวณคลองบางไผ่ถึงบริเวณคลองภาษีเจริญ,ค,16,1630000000
10,สำนักการระบายน้ำ,แผนงานจัดการระบายน้ำและแก้ไขปัญหาน้ำท่วม,โครงการก่อสร้างเข่ือน คสล (ดาดท้องคลอง)คลองบางอ้อ จากบริเวณถนนโรงงานไม้อัดไทยไปทางประตูระบายน้ำคลองบางอ้อ,ค,17,1744550000
10,สำนักการระบายน้ำ,แผนงานจัดการระบายน้ำและแก้ไขปัญหาน้ำท่วม,โครงการก่อสร้างและปรับปรุงเข่ือน คสลคลองโอ่งอ่างและคลองบางลำพูจากบริเวณสะพานดำรงสถิตถึงบริเวณป้อมพระสุเมรุ,ค,18,187219000
10,สำนักการระบายน้ำ,แผนงานจัดการคุณภาพน้ำ,โครงการก่อสร้างและปรับปรุงเข่ือน คสลคลองโอ่งอ่างและคลองบางลำพูจากบริเวณสะพานดำรงสถิตถึงบริเวณป้อมพระสุเมรุ,ง,18,187219000
10,สำนักการระบายน้ำ,แผนงานจัดการคุณภาพน้ำ,งานจัดการคุณภาพน้ำ,ง,1,1212218945
10,สำนักการระบายน้ำ,แผนงานจัดการคุณภาพน้ำ,โครงการจ้างเดินระบบ บำรุงรักษา และบริหารจัดการโรงควบคุมคุณภาพน้ำดินแดง ระยะท่ี,ง,2,23198800000
10,สำนักการระบายน้ำ,แผนงานจัดการคุณภาพน้ำ,โครงการจ้างเดินระบบ บำรุงรักษาและบริหารจัดการ โรงควบคุมคุณภาพน้ำจตุจักร ระยะท่ี,ง,3,33110800000
10,สำนักการระบายน้ำ,แผนงานจัดการคุณภาพน้ำ,โครงการก่อสร้างระบบรวบน้ำเสียจากพื นท่ีรับน้ำคลองลาดโตนด,ง,4,4100000000
10,สำนักการระบายน้ำ,แผนงานจัดการคุณภาพน้ำ,โครงการก่อสร้างระบบรวบน้ำเสียและระบบบำบัดน้ำเสียมีนบุรี ระยะท่ี,ง,5,51200000000
10,สำนักการระบายน้ำ,แผนงานจัดการคุณภาพน้ำ,โครงการจ้างท่ีปรึกษาบริหารและควบคุมงานโครงการก่อสร้างระบบรวบน้ำเสียและระบบบำบัดน้ำเสียมีนบุรี ระยะท่ี,ง,6,614000000
10,สำนักการระบายน้ำ,แผนงานจัดการคุณภาพน้ำ,โครงการจ้างท่ีปรึกษาสำรวจ และออกแบบรายละเอียดระบบรวบน้ำเสียและระบบบำบัดน้ำเสียมีนบุรี ระยะท่ี,ง,7,7215000000
10,สำนักการระบายน้ำ,แผนงานจัดการคุณภาพน้ำ,โครงการจ้างเดินระบบ บำรุงรักษาและบริหารจัดการโรงควบคุมคุณภาพน้ำหนองแขม-ทุ่งครุ ระยะท่ี,ง,8,8443500000
10,สำนักการระบายน้ำ,แผนงานจัดการคุณภาพน้ำ,โครงการจ้างเดินระบบ บำรุงรักษาและบริหารจัดการศูนย์การศึกษาและอนุรักษ์ส่ิงแวดล้อมบางซ่ือ ระยะท่ี,ง,9,9267000000
10,สำนักการระบายน้ำ,แผนงานจัดการคุณภาพน้ำ,โครงการจ้างเดินระบบ บำรุงรักษาและบริหารจัดการโรงควบคุมคุณภาพน้ำช่องนนทรี ระยะท่ี,ง,10,10433000000
10,สำนักการระบายน้ำ,แผนงานจัดการคุณภาพน้ำ,โครงการจัดหาทดแทนเคร่ืองจักรและอุปกรณ์โรงควบคุมคุณภาพน้ำช่องนนทรี,ง,11,1130000000
10,สำนักการระบายน้ำ,แผนงานจัดการคุณภาพน้ำ,โครงการก่อสร้างระบบรวบน้ำเสีย (เพ่ิมเติม) พื นท่ีเขตห้วยขวาง เข้าโรงควบคุมคุณภาพน้ำดินแดง,ง,12,12532800000
10,สำนักการระบายน้ำ,แผนงานจัดการคุณภาพน้ำ,โครงการก่อสร้างระบบรวบน้ำเสียเพ่ิมเติม,ง,13,13
11,สำนักการคลัง,แผนงานบริหารท่ัวไป,โครงการจ้างทำระบบงานเพื่อการจัดเก็บค่าธรรมเนียมบำบัดน้ำเสีย,ก,18,185000000
11,สำนักการคลัง,แผนงานบริหารการคลัง,โครงการจ้างทำระบบงานเพื่อการจัดเก็บค่าธรรมเนียมบำบัดน้ำเสีย,ข,18,185000000
11,สำนักการคลัง,แผนงานบริหารการคลัง,งานบัญชี,ข,1,122678300
11,สำนักการคลัง,แผนงานบริหารการคลัง,งานการเงิน,ข,2,234045000
11,สำนักการคลัง,แผนงานบริหารการคลัง,โครงการพัฒนาและปรับปรุงการชำระภาษีบำรุงกรุงเทพมหานครสำหรับน้ำมันเบนซินและน้ำมันท่ีคล้ายกัน น้ำมันดีเซลและน้ำมันท่ีคล้ายกัน และก๊าซปิโตรเลียมจากสถานการค้าปลีก,ข,3,37200000
11,สำนักการคลัง,แผนงานบริหารการคลัง,งานรายได้,ข,4,4408729400
11,สำนักการคลัง,แผนงานบริหารการคลัง,งานจัดเก็บค่าธรรมเนียมรถยนต์และล้อเล่ือน,ข,5,5196781700
11,สำนักการคลัง,แผนงานบริหารการคลัง,งานตรวจจ่าย,ข,6,624812000
11,สำนักการคลัง,แผนงานบริหารการคลัง,งานเศรษฐกิจการคลัง,ข,7,732064600
11,สำนักการคลัง,แผนงานบริหารการคลัง,งานบำเหน็จบำนาญ,ข,8,82503719900
11,สำนักการคลัง,แผนงานส่งเสริมระบบบริหาร,งานบำเหน็จบำนาญ,ค,8,82503719900
11,สำนักการคลัง,แผนงานส่งเสริมระบบบริหาร,งานทะเบียนทรัพย์สินและพัสดุ,ค,1,130670800
11,สำนักการคลัง,แผนงานส่งเสริมระบบบริหาร,งานบำรุงรักษาซ่อมยานพาหนะและเคร่ืองจักรกล,ค,2,2315070500
11,สำนักการคลัง,แผนงานส่งเสริมระบบบริหาร,โครงการพัฒนาระบบสารสนเทศกองโรงงานช่างกล,ค,3,39149400
12,สำนักเทศกิจ,แผนงานส่งเสริมระบบบริหาร,โครงการพัฒนาระบบสารสนเทศกองโรงงานช่างกล,ค,3,39149400
12,สำนักเทศกิจ,แผนงานบริหารท่ัวไป,โครงการพัฒนาระบบสารสนเทศกองโรงงานช่างกล,ก,3,39149400
12,สำนักเทศกิจ,แผนงานส่งเสริมระบบบริหาร,โครงการพัฒนาระบบสารสนเทศกองโรงงานช่างกล,ข,3,39149400
12,สำนักเทศกิจ,แผนงานพัฒนาและส่งเสริม,โครงการพัฒนาระบบสารสนเทศกองโรงงานช่างกล,ค,3,39149400
12,สำนักเทศกิจ,แผนงานรักษาความเป็นระเบียบเรียบร้อย,โครงการพัฒนาระบบสารสนเทศกองโรงงานช่างกล,ง,3,39149400
12,สำนักเทศกิจ,แผนงานรักษาความเป็นระเบียบเรียบร้อย,งานตรวจและบังคับการ,ง,1,183915500
12,สำนักเทศกิจ,แผนงานรักษาความเป็นระเบียบเรียบร้อย,งานนิติการและบังคับคดี,ง,2,220014200
13,สำนักการจราจรและขนส่ง,แผนงานรักษาความเป็นระเบียบเรียบร้อย,งานนิติการและบังคับคดี,ง,2,220014200
13,สำนักการจราจรและขนส่ง,แผนงานบริหารท่ัวไป,งานนิติการและบังคับคดี,ก,2,220014200
13,สำนักการจราจรและขนส่ง,แผนงานพัฒนาการใช้ท่ีดินและระบบจราจร,งานนิติการและบังคับคดี,ข,2,220014200
13,สำนักการจราจรและขนส่ง,แผนงานพัฒนาการใช้ท่ีดินและระบบจราจร,งานการขนส่ง,ข,1,1620173965
13,สำนักการจราจรและขนส่ง,แผนงานพัฒนาการใช้ท่ีดินและระบบจราจร,โครงการก่อสร้างทางเดินยกระดับ (Sky Walk)ลานจอดรถแล้วจร (Park & Ride),ข,2,219874003
13,สำนักการจราจรและขนส่ง,แผนงานพัฒนาการใช้ท่ีดินและระบบจราจร,โครงการระบบขนส่งมวลชนกรุงเทพมหานครส่วนต่อขยายสายสีลม(ตากสิน-เพชรเกษม),ข,3,3
14,สำนักป้องกันและบรรเทาสาธารณภัย,แผนงานบริหารท่ัวไป,โครงการจัดหาพร้อมติดตั้งระบบตรวจสอบสถานะสายเคเบิลเส้นใยนำแสง (Fiber Optic) แบบอัตโนมัติพร้อมระบบสนับสนุนการซ่อมการบำรุง,ก,45,4529533600
14,สำนักป้องกันและบรรเทาสาธารณภัย,แผนงานป้องกันและบรรเทาสาธารณภัย,โครงการจัดหาพร้อมติดตั้งระบบตรวจสอบสถานะสายเคเบิลเส้นใยนำแสง (Fiber Optic) แบบอัตโนมัติพร้อมระบบสนับสนุนการซ่อมการบำรุง,ข,45,4529533600
14,สำนักป้องกันและบรรเทาสาธารณภัย,แผนงานป้องกันและบรรเทาสาธารณภัย,งานยุทธศาสตร์การป้องกันสาธารณภัย,ข,1,195190500
14,สำนักป้องกันและบรรเทาสาธารณภัย,แผนงานป้องกันและบรรเทาสาธารณภัย,โครงการก่อสร้างศูนย์ฝึกอบรมดับเพลิงและกู้ภัยกรุงเทพมหานคร ระยะท่ี,ข,2,2110000000
14,สำนักป้องกันและบรรเทาสาธารณภัย,แผนงานป้องกันและบรรเทาสาธารณภัย,งานอำนวยการสาธารณภัย,ข,3,366879000
14,สำนักป้องกันและบรรเทาสาธารณภัย,แผนงานป้องกันและบรรเทาสาธารณภัย,งานปฏิบัติการดับเพลิง,ข,4,4149561420
14,สำนักป้องกันและบรรเทาสาธารณภัย,แผนงานป้องกันและบรรเทาสาธารณภัย,โครงการจัดหารถยนต์ปฏิบัติการกู้ภัยและช่วยชีวิตจากอาคารถล่ม,ข,5,51000000
14,สำนักป้องกันและบรรเทาสาธารณภัย,แผนงานป้องกันและบรรเทาสาธารณภัย,โครงการก่อสร้างอาคารสถานีดับเพลิงทุ่งมหาเมฆ,ข,6,627840000
14,สำนักป้องกันและบรรเทาสาธารณภัย,แผนงานป้องกันและบรรเทาสาธารณภัย,โครงการก่อสร้างสถานีดับเพลิงบางบอน,ข,7,74000000
14,สำนักป้องกันและบรรเทาสาธารณภัย,แผนงานป้องกันและบรรเทาสาธารณภัย,โครงการปรับปรุงสถานีดับเพลิงสามเสน,ข,8,816000000
14,สำนักป้องกันและบรรเทาสาธารณภัย,แผนงานป้องกันและบรรเทาสาธารณภัย,โครงการจัดหารถจักรยานยนต์ดับเพลิง,ข,9,95500000
15,สำนักงบประมาณกรุงเทพมหานคร,แผนงานป้องกันและบรรเทาสาธารณภัย,โครงการจัดหารถจักรยานยนต์ดับเพลิง,ข,9,95500000
15,สำนักงบประมาณกรุงเทพมหานคร,แผนงานบริหารท่ัวไป,โครงการจัดหารถจักรยานยนต์ดับเพลิง,ก,9,95500000
15,สำนักงบประมาณกรุงเทพมหานคร,แผนงานบริหารการคลัง,โครงการจัดหารถจักรยานยนต์ดับเพลิง,ข,9,95500000
16,สำนักยุทธศาสตร์และประเมินผล,แผนงานบริหารท่ัวไป,โครงการจัดหารถจักรยานยนต์ดับเพลิง,ก,9,95500000
16,สำนักยุทธศาสตร์และประเมินผล,แผนงานส่งเสริมระบบบริหาร,โครงการจัดหารถจักรยานยนต์ดับเพลิง,ข,9,95500000
16,สำนักยุทธศาสตร์และประเมินผล,แผนงานส่งเสริมระบบบริหาร,งานพัฒนาระบบงานคอมพิวเตอร์,ข,1,1116304400
16,สำนักยุทธศาสตร์และประเมินผล,แผนงานส่งเสริมระบบบริหาร,โครงการพัฒนาระบบบริหารจัดการเพื่อการวิเคราะห์ฐานข้อมูลขนาดใหญ่,ข,2,226160000
16,สำนักยุทธศาสตร์และประเมินผล,แผนงานส่งเสริมระบบบริหาร,โครงการจัดทำระบบฐานข้อมูลฝึกอบรม และระบบพัฒนาศักยภาพบุคลากรของกรุงเทพมหานครด้วยการเรียนรู้ผ่านส่ืออิเล็กทรอนิกส์,ข,3,311920000
16,สำนักยุทธศาสตร์และประเมินผล,แผนงานส่งเสริมระบบบริหาร,โครงการพัฒนาระบบยืนยันและตรวจสอบตัวบุคคลในระบบดิจิทัล,ข,4,428200000
16,สำนักยุทธศาสตร์และประเมินผล,แผนงานส่งเสริมระบบบริหาร,โครงการพัฒนาระบบบริการภาครัฐ,ข,5,516040000
16,สำนักยุทธศาสตร์และประเมินผล,แผนงานส่งเสริมระบบบริหาร,งานควบคุมระบบคอมพิวเตอร์,ข,6,6362255500
16,สำนักยุทธศาสตร์และประเมินผล,แผนงานส่งเสริมระบบบริหาร,โครงการปรับปรุงระบบเครือข่ายส่ือสารภายในของสำนักงานเขต,ข,7,735000000
16,สำนักยุทธศาสตร์และประเมินผล,แผนงานส่งเสริมระบบบริหาร,งานบริการระบบคอมพิวเตอร์,ข,8,822137900
16,สำนักยุทธศาสตร์และประเมินผล,แผนงานส่งเสริมระบบบริหาร,งานยุทธศาสตร์บริหารจัดการ,ข,9,916407100
16,สำนักยุทธศาสตร์และประเมินผล,แผนงานส่งเสริมระบบบริหาร,งานยุทธศาสตร์เศรษฐกิจ การเงินและการคลัง,ข,10,108267700
16,สำนักยุทธศาสตร์และประเมินผล,แผนงานส่งเสริมระบบบริหาร,งานยุทธศาสตร์สาธารณสุขและส่ิงแวดล้อม,ข,11,116117500
16,สำนักยุทธศาสตร์และประเมินผล,แผนงานส่งเสริมระบบบริหาร,งานยุทธศาสตร์สาธารณูปโภคพื นฐาน,ข,12,126477200
16,สำนักยุทธศาสตร์และประเมินผล,แผนงานส่งเสริมระบบบริหาร,งานยุทธศาสตร์ทรัพยากรมนุษย์และสังคม,ข,13,137803000
16,สำนักยุทธศาสตร์และประเมินผล,แผนงานพัฒนาการใช้ท่ีดินและระบบจราจร,งานยุทธศาสตร์ทรัพยากรมนุษย์และสังคม,ค,13,137803000
17,สำนักส่ิงแวดล้อม,แผนงานบริหารท่ัวไป,งานยุทธศาสตร์ทรัพยากรมนุษย์และสังคม,ก,13,137803000
17,สำนักส่ิงแวดล้อม,แผนงานพัฒนาและส่งเสริม,งานยุทธศาสตร์ทรัพยากรมนุษย์และสังคม,ข,13,137803000
17,สำนักส่ิงแวดล้อม,แผนงานพัฒนาและส่งเสริม,งานนโยบายและแผนงาน,ข,1,119180813
17,สำนักส่ิงแวดล้อม,แผนงานพัฒนาและส่งเสริม,โครงการจ้างเหมาพัฒนาระบบสารสนเทศบริหารจัดการข้อมูลมูลฝอยของกรุงเทพมหานคร,ข,2,234100000
17,สำนักส่ิงแวดล้อม,แผนงานรักษาความสะอาด,โครงการจ้างเหมาพัฒนาระบบสารสนเทศบริหารจัดการข้อมูลมูลฝอยของกรุงเทพมหานคร,ค,2,234100000
17,สำนักส่ิงแวดล้อม,แผนงานรักษาความสะอาด,งานกำจัดมูลฝอย,ค,1,1174915650
17,สำนักส่ิงแวดล้อม,แผนงานรักษาความสะอาด,โครงการจ้างเหมาเอกชนกำจัดมูลฝอยโดยระบบเตาเผามูลฝอยขนาด  ตันต่อวัน ท่ีศูนย์กำจัดมูลฝอยหนองแขม,ค,2,2300152025000
17,สำนักส่ิงแวดล้อม,แผนงานรักษาความสะอาด,โครงการจ้างเหมาเอกชนเดินเคร่ืองจักรและอุปกรณ์กำจัดมูลฝอยขนาดไม่น้อยกว่า  ตันต่อวันท่ีศูนย์กำจัดมูลฝอยอ่อนนุช,ค,3,3600145624100
17,สำนักส่ิงแวดล้อม,แผนงานรักษาความสะอาด,โครงการจ้างเหมาเอกชนขนมูลฝอยจากศูนย์กำจัดมูลฝอยอ่อนนุชและนำไปทำลายโดยวิธีฝังกลบอย่างถูกสุขลักษณะ,ค,4,4704949023
17,สำนักส่ิงแวดล้อม,แผนงานรักษาความสะอาด,โครงการจ้างเหมาเอกชนขนมูลฝอย จากศูนย์กำจัดมูลฝอยสายไหมและนำไปทำลายโดยวิธีฝังกลบ,ค,5,5
17,สำนักส่ิงแวดล้อม,แผนงานพัฒนาสภาวะส่ิงแวดล้อม,โครงการจัดหารถบรรทุก (ดีเซล) ขนาด  ตัน ล้อ ปริมาตรกระบอกสูบไม่ต่ำกว่า  ซีซี หรือกำลังเคร่ืองยนต์สูงสุดไม่ต่ำกว่า  กิโลวัตต์แบบกระบะเทท้าย,ง,47,476660001701000000
17,สำนักส่ิงแวดล้อม,แผนงานพัฒนาสภาวะส่ิงแวดล้อม,งานบริหารสวนสาธารณะ,ง,1,11052062900
17,สำนักส่ิงแวดล้อม,แผนงานพัฒนาสภาวะส่ิงแวดล้อม,โครงการเช่ารถบรรทุกน้ำอเนกประสงค์ ระยะท่ี,ง,2,23176749400
17,สำนักส่ิงแวดล้อม,แผนงานพัฒนาสภาวะส่ิงแวดล้อม,โครงการเช่ารถบรรทุกน้ำอเนกประสงค์ ระยะท่ี,ง,3,3496448400
17,สำนักส่ิงแวดล้อม,แผนงานพัฒนาสภาวะส่ิงแวดล้อม,โครงการก่อสร้างสวนสาธารณะภายในสถานีพัฒนาท่ีดินกรุงเทพมหานคร(ถนนบางขุนเทียนชายทะเล),ง,4,45000000
17,สำนักส่ิงแวดล้อม,แผนงานพัฒนาสภาวะส่ิงแวดล้อม,โครงการปรับปรุงสวนวารีภิรมย์,ง,5,517361000
17,สำนักส่ิงแวดล้อม,แผนงานพัฒนาสภาวะส่ิงแวดล้อม,โครงการก่อสร้างสวนสาธารณะบริเวณทางแยกต่างระดับถนนร่มเกล้ากับถนนเจ้าคุณทหาร,ง,6,630000000
17,สำนักส่ิงแวดล้อม,แผนงานพัฒนาสภาวะส่ิงแวดล้อม,โครงการจัดหารถบรรทุก (ดีเซล) ขนาด  ตัน ล้อ ปริมาตรกระบอกสูบไม่ต่ำกว่า  ซีซี หรือกำลังเคร่ืองยนต์สูงสุดไม่ต่ำกว่า  กิโลวัตต์แบบบรรทุกน้ำ พร้อมติดตั้งระบบฉีดน้ำแรงดันสูงและอุปกรณ์ฉีดน้ำแบบละอองน้ำ,ง,7,76660001701000000
17,สำนักส่ิงแวดล้อม,แผนงานพัฒนาสภาวะส่ิงแวดล้อม,โครงการปรับปรุงสาธารณูปโภคและอาคารสถานท่ีภายในสวนลุมพินี,ง,8,813460000
17,สำนักส่ิงแวดล้อม,แผนงานพัฒนาสภาวะส่ิงแวดล้อม,งานจัดการคุณภาพอากาศและเสียง,ง,9,966695450
18,สำนักวัฒนธรรม กีฬาและการท่องเท่ียว,แผนงานพัฒนาสภาวะส่ิงแวดล้อม,งานจัดการคุณภาพอากาศและเสียง,ง,9,966695450
18,สำนักวัฒนธรรม กีฬาและการท่องเท่ียว,แผนงานบริหารท่ัวไป,งานจัดการคุณภาพอากาศและเสียง,ก,9,966695450
18,สำนักวัฒนธรรม กีฬาและการท่องเท่ียว,แผนงานบริการสังคม,งานจัดการคุณภาพอากาศและเสียง,ข,9,966695450
18,สำนักวัฒนธรรม กีฬาและการท่องเท่ียว,แผนงานบริการสังคม,งานนโยบายและแผนงาน,ข,1,18790100
18,สำนักวัฒนธรรม กีฬาและการท่องเท่ียว,แผนงานบริการสังคม,งานศูนย์เยาวชนกรุงเทพมหานคร(ไทย-ญ่ีปุ่น),ข,2,275168500
18,สำนักวัฒนธรรม กีฬาและการท่องเท่ียว,แผนงานบริการสังคม,งานการสังคีต,ข,3,347875000
18,สำนักวัฒนธรรม กีฬาและการท่องเท่ียว,แผนงานบริการสังคม,งานนันทนาการและส่งเสริมการเรียนรู้,ข,4,4535675100
18,สำนักวัฒนธรรม กีฬาและการท่องเท่ียว,แผนงานบริการสังคม,โครงการก่อสร้างศูนย์เยาวชนวัดดอกไม้,ข,5,513568000
18,สำนักวัฒนธรรม กีฬาและการท่องเท่ียว,แผนงานการท่องเท่ียว,โครงการก่อสร้างศูนย์เยาวชนวัดดอกไม้,ค,5,513568000
18,สำนักวัฒนธรรม กีฬาและการท่องเท่ียว,แผนงานการกีฬา,โครงการก่อสร้างศูนย์เยาวชนวัดดอกไม้,ง,5,513568000
18,สำนักวัฒนธรรม กีฬาและการท่องเท่ียว,แผนงานการกีฬา,งานการกีฬา,ง,1,1538781100
18,สำนักวัฒนธรรม กีฬาและการท่องเท่ียว,แผนงานการกีฬา,โครงการปรับปรุงศูนย์กีฬาเฉลิมพระเกียรติ พรรษา (บางบอน),ง,2,28426192000
19,สำนักพัฒนาสังคม,แผนงานการกีฬา,โครงการปรับปรุงศูนย์กีฬาเฉลิมพระเกียรติ พรรษา (บางบอน),ง,2,28426192000
19,สำนักพัฒนาสังคม,แผนงานบริหารท่ัวไป,โครงการปรับปรุงศูนย์กีฬาเฉลิมพระเกียรติ พรรษา (บางบอน),ก,2,28426192000
19,สำนักพัฒนาสังคม,แผนงานบริการสังคม,โครงการปรับปรุงศูนย์กีฬาเฉลิมพระเกียรติ พรรษา (บางบอน),ข,2,28426192000
19,สำนักพัฒนาสังคม,แผนงานพัฒนาชุมชน,โครงการปรับปรุงศูนย์กีฬาเฉลิมพระเกียรติ พรรษา (บางบอน),ค,2,28426192000
19,สำนักพัฒนาสังคม,แผนงานพัฒนาชุมชน,งานพัฒนาชุมชน,ค,1,161535900
19,สำนักพัฒนาสังคม,แผนงานพัฒนาชุมชน,งานนโยบายและแผนงาน,ค,2,218908800
19,สำนักพัฒนาสังคม,แผนงานส่งเสริมอาชีพ,งานนโยบายและแผนงาน,ง,2,218908800
19,สำนักพัฒนาสังคม,แผนงานส่งเสริมอาชีพ,งานส่งเสริมอาชีพ,ง,1,145360200
19,สำนักพัฒนาสังคม,แผนงานส่งเสริมอาชีพ,งานส่งเสริมอาชีพการเกษตร,ง,2,211273900
19,สำนักพัฒนาสังคม,แผนงานส่งเสริมอาชีพ,งานการศึกษาอาชีพ,ง,3,3198586600
20,สำนักการวางผังและพัฒนาเมือง,แผนงานส่งเสริมอาชีพ,งานการศึกษาอาชีพ,ง,3,3198586600
20,สำนักการวางผังและพัฒนาเมือง,แผนงานบริหารท่ัวไป,งานการศึกษาอาชีพ,ก,3,3198586600
20,สำนักการวางผังและพัฒนาเมือง,แผนงานพัฒนาการใช้ท่ีดินและระบบจราจร,งานการศึกษาอาชีพ,ข,3,3198586600
20,สำนักการวางผังและพัฒนาเมือง,แผนงานพัฒนาการใช้ท่ีดินและระบบจราจร,งานผังเมือง,ข,1,1173346800
20,สำนักการวางผังและพัฒนาเมือง,แผนงานพัฒนาการใช้ท่ีดินและระบบจราจร,โครงการปรับปรุงป้อมมหากาฬและกำแพงเมืองเก่า,ข,2,220089500
20,สำนักการวางผังและพัฒนาเมือง,แผนงานพัฒนาการใช้ท่ีดินและระบบจราจร,โครงการปรับปรุงภูมิทัศน์ ทางสัญจรบนโครงสร้างสะพานข้ามแม่น้ำเจ้าพระยา บริเวณช่องกลางสะพานพระปกเกล้า,ข,3,370869000
20,สำนักการวางผังและพัฒนาเมือง,แผนงานพัฒนาการใช้ท่ีดินและระบบจราจร,โครงการปรับปรุงภูมิทัศน์ย่านกะดีจีน,ข,4,411663000
20,สำนักการวางผังและพัฒนาเมือง,แผนงานพัฒนาการใช้ท่ีดินและระบบจราจร,งานนโยบายและแผนงาน,ข,5,514486200
21,สำนักงานเขตพระนคร,แผนงานพัฒนาการใช้ท่ีดินและระบบจราจร,งานนโยบายและแผนงาน,ข,5,514486200
21,สำนักงานเขตพระนคร,แผนงานบริหารงานปกครองและทะเบียน,งานนโยบายและแผนงาน,ก,5,514486200
21,สำนักงานเขตพระนคร,แผนงานบริหารงานปกครองและทะเบียน,งานปกครอง,ก,1,118641500
21,สำนักงานเขตพระนคร,แผนงานบริหารงานปกครองและทะเบียน,งานทะเบียน,ก,2,27398500
21,สำนักงานเขตพระนคร,แผนงานบริหารการคลัง,งานทะเบียน,ข,2,27398500
21,สำนักงานเขตพระนคร,แผนงานบริหารการคลัง,งานบริหารการคลัง,ข,1,16045800
21,สำนักงานเขตพระนคร,แผนงานบริหารการคลัง,งานบริหารการจัดเก็บรายได้,ข,2,24630300
21,สำนักงานเขตพระนคร,แผนงานรักษาความสะอาด,งานบริหารการจัดเก็บรายได้,ค,2,24630300
21,สำนักงานเขตพระนคร,แผนงานรักษาความเป็นระเบียบเรียบร้อย,งานบริหารการจัดเก็บรายได้,ง,2,24630300
21,สำนักงานเขตพระนคร,แผนงานการโยธา,งานบริหารการจัดเก็บรายได้,จ,2,24630300
22,สำนักงานเขตป้อมปราบศัตรูพ่าย,แผนงานบริหารงานปกครองและทะเบียน,งานปกครอง,ก,1,122471700
22,สำนักงานเขตป้อมปราบศัตรูพ่าย,แผนงานบริหารงานปกครองและทะเบียน,งานทะเบียน,ก,2,27740000
22,สำนักงานเขตป้อมปราบศัตรูพ่าย,แผนงานบริหารการคลัง,งานทะเบียน,ข,2,27740000
22,สำนักงานเขตป้อมปราบศัตรูพ่าย,แผนงานบริหารการคลัง,งานบริหารการคลัง,ข,1,15210200
22,สำนักงานเขตป้อมปราบศัตรูพ่าย,แผนงานบริหารการคลัง,งานบริหารการจัดเก็บรายได้,ข,2,23844600
22,สำนักงานเขตป้อมปราบศัตรูพ่าย,แผนงานรักษาความสะอาด,งานบริหารการจัดเก็บรายได้,ค,2,23844600
22,สำนักงานเขตป้อมปราบศัตรูพ่าย,แผนงานรักษาความเป็นระเบียบเรียบร้อย,งานบริหารการจัดเก็บรายได้,ง,2,23844600
22,สำนักงานเขตป้อมปราบศัตรูพ่าย,แผนงานการโยธา,งานบริหารการจัดเก็บรายได้,จ,2,23844600
23,สำนักงานเขตสัมพันธวงศ์,แผนงานบริหารงานปกครองและทะเบียน,งานปกครอง,ก,1,119999300
23,สำนักงานเขตสัมพันธวงศ์,แผนงานบริหารงานปกครองและทะเบียน,งานทะเบียน,ก,2,27049600
23,สำนักงานเขตสัมพันธวงศ์,แผนงานบริหารการคลัง,งานทะเบียน,ข,2,27049600
23,สำนักงานเขตสัมพันธวงศ์,แผนงานบริหารการคลัง,งานบริหารการคลัง,ข,1,15911900
23,สำนักงานเขตสัมพันธวงศ์,แผนงานบริหารการคลัง,งานบริหารการจัดเก็บรายได้,ข,2,24609900
23,สำนักงานเขตสัมพันธวงศ์,แผนงานรักษาความสะอาด,งานบริหารการจัดเก็บรายได้,ค,2,24609900
23,สำนักงานเขตสัมพันธวงศ์,แผนงานรักษาความเป็นระเบียบเรียบร้อย,งานบริหารการจัดเก็บรายได้,ง,2,24609900
23,สำนักงานเขตสัมพันธวงศ์,แผนงานการโยธา,งานบริหารการจัดเก็บรายได้,จ,2,24609900
23,สำนักงานเขตสัมพันธวงศ์,แผนงานบริหารการศึกษา,งานบริหารการศึกษา,ญ,1,111745500
23,สำนักงานเขตสัมพันธวงศ์,แผนงานบริหารการศึกษา,โครงการก่อสร้างอาคารอเนกประสงค์  ชั้น โรงเรียนวัดจักรวรรดิ,ญ,2,235157800
24,สำนักงานเขตบางรัก,แผนงานบริหารการศึกษา,โครงการก่อสร้างอาคารอเนกประสงค์  ชั้น โรงเรียนวัดจักรวรรดิ,ญ,2,235157800
24,สำนักงานเขตบางรัก,แผนงานบริหารงานปกครองและทะเบียน,โครงการก่อสร้างอาคารอเนกประสงค์  ชั้น โรงเรียนวัดจักรวรรดิ,ก,2,235157800
24,สำนักงานเขตบางรัก,แผนงานบริหารงานปกครองและทะเบียน,งานปกครอง,ก,1,115626900
24,สำนักงานเขตบางรัก,แผนงานบริหารงานปกครองและทะเบียน,งานทะเบียน,ก,2,26695200
24,สำนักงานเขตบางรัก,แผนงานบริหารการคลัง,งานทะเบียน,ข,2,26695200
24,สำนักงานเขตบางรัก,แผนงานบริหารการคลัง,งานบริหารการคลัง,ข,1,15140000
24,สำนักงานเขตบางรัก,แผนงานบริหารการคลัง,งานบริหารการจัดเก็บรายได้,ข,2,26410600
24,สำนักงานเขตบางรัก,แผนงานรักษาความสะอาด,งานบริหารการจัดเก็บรายได้,ค,2,26410600
24,สำนักงานเขตบางรัก,แผนงานรักษาความเป็นระเบียบเรียบร้อย,งานบริหารการจัดเก็บรายได้,ง,2,26410600
24,สำนักงานเขตบางรัก,แผนงานการโยธา,งานบริหารการจัดเก็บรายได้,จ,2,26410600
25,สำนักงานเขตปทุมวัน,แผนงานบริหารงานปกครองและทะเบียน,งานปกครอง,ก,1,130950500
25,สำนักงานเขตปทุมวัน,แผนงานบริหารงานปกครองและทะเบียน,งานทะเบียน,ก,2,27861700
25,สำนักงานเขตปทุมวัน,แผนงานบริหารการคลัง,งานทะเบียน,ข,2,27861700
25,สำนักงานเขตปทุมวัน,แผนงานบริหารการคลัง,งานบริหารการคลัง,ข,1,14420500
25,สำนักงานเขตปทุมวัน,แผนงานบริหารการคลัง,งานบริหารการจัดเก็บรายได้,ข,2,25203400
25,สำนักงานเขตปทุมวัน,แผนงานรักษาความสะอาด,งานบริหารการจัดเก็บรายได้,ค,2,25203400
25,สำนักงานเขตปทุมวัน,แผนงานรักษาความเป็นระเบียบเรียบร้อย,งานบริหารการจัดเก็บรายได้,ง,2,25203400
25,สำนักงานเขตปทุมวัน,แผนงานการโยธา,งานบริหารการจัดเก็บรายได้,จ,2,25203400
25,สำนักงานเขตปทุมวัน,แผนงานบริหารการศึกษา,งานบริหารการศึกษา,ญ,1,140807000
25,สำนักงานเขตปทุมวัน,แผนงานบริหารการศึกษา,โครงการก่อสร้างอาคารอเนกประสงค์  ชั้น (ดาดฟ้า) โรงเรียนสวนลุมพินี,ญ,2,269532000
26,สำนักงานเขตยานนาวา,แผนงานบริหารการศึกษา,โครงการก่อสร้างอาคารอเนกประสงค์  ชั้น (ดาดฟ้า) โรงเรียนสวนลุมพินี,ญ,2,269532000
26,สำนักงานเขตยานนาวา,แผนงานบริหารงานปกครองและทะเบียน,โครงการก่อสร้างอาคารอเนกประสงค์  ชั้น (ดาดฟ้า) โรงเรียนสวนลุมพินี,ก,2,269532000
26,สำนักงานเขตยานนาวา,แผนงานบริหารงานปกครองและทะเบียน,งานปกครอง,ก,1,121469700
26,สำนักงานเขตยานนาวา,แผนงานบริหารงานปกครองและทะเบียน,งานทะเบียน,ก,2,26159000
26,สำนักงานเขตยานนาวา,แผนงานบริหารการคลัง,งานทะเบียน,ข,2,26159000
26,สำนักงานเขตยานนาวา,แผนงานบริหารการคลัง,งานบริหารการคลัง,ข,1,15155100
26,สำนักงานเขตยานนาวา,แผนงานบริหารการคลัง,งานบริหารการจัดเก็บรายได้,ข,2,25481775
26,สำนักงานเขตยานนาวา,แผนงานรักษาความสะอาด,งานบริหารการจัดเก็บรายได้,ค,2,25481775
26,สำนักงานเขตยานนาวา,แผนงานรักษาความเป็นระเบียบเรียบร้อย,งานบริหารการจัดเก็บรายได้,ง,2,25481775
26,สำนักงานเขตยานนาวา,แผนงานการโยธา,งานบริหารการจัดเก็บรายได้,จ,2,25481775
26,สำนักงานเขตยานนาวา,แผนงานพัฒนาสภาวะส่ิงแวดล้อม,โครงการก่อสร้างเข่ือน คสล (ดาดท้องคลอง)คลองโบสถ์จากเข่ือนเดิมถึงปลายคลองโบสถ์,ช,4,47185200
26,สำนักงานเขตยานนาวา,แผนงานพัฒนาชุมชน,โครงการก่อสร้างเข่ือน คสล (ดาดท้องคลอง)คลองโบสถ์จากเข่ือนเดิมถึงปลายคลองโบสถ์,ซ,4,47185200
27,สำนักงานเขตดุสิต,แผนงานบริหารงานปกครองและทะเบียน,งานปกครอง,ก,1,129107800
27,สำนักงานเขตดุสิต,แผนงานบริหารงานปกครองและทะเบียน,โครงการปรับปรุงอาคารสำนักงานเขตดุสิต,ก,2,28070000
27,สำนักงานเขตดุสิต,แผนงานบริหารงานปกครองและทะเบียน,งานทะเบียน,ก,3,37485300
27,สำนักงานเขตดุสิต,แผนงานบริหารการคลัง,งานทะเบียน,ข,3,37485300
27,สำนักงานเขตดุสิต,แผนงานบริหารการคลัง,งานบริหารการคลัง,ข,1,16280100
27,สำนักงานเขตดุสิต,แผนงานบริหารการคลัง,งานบริหารการจัดเก็บรายได้,ข,2,25128100
27,สำนักงานเขตดุสิต,แผนงานรักษาความสะอาด,งานบริหารการจัดเก็บรายได้,ค,2,25128100
27,สำนักงานเขตดุสิต,แผนงานรักษาความเป็นระเบียบเรียบร้อย,งานบริหารการจัดเก็บรายได้,ง,2,25128100
27,สำนักงานเขตดุสิต,แผนงานการโยธา,งานบริหารการจัดเก็บรายได้,จ,2,25128100
28,สำนักงานเขตพญาไท,แผนงานบริหารงานปกครองและทะเบียน,งานปกครอง,ก,1,127174500
28,สำนักงานเขตพญาไท,แผนงานบริหารงานปกครองและทะเบียน,งานทะเบียน,ก,2,28400300
28,สำนักงานเขตพญาไท,แผนงานบริหารการคลัง,งานทะเบียน,ข,2,28400300
28,สำนักงานเขตพญาไท,แผนงานบริหารการคลัง,งานบริหารการคลัง,ข,1,15156000
28,สำนักงานเขตพญาไท,แผนงานบริหารการคลัง,งานบริหารการจัดเก็บรายได้,ข,2,25803000
28,สำนักงานเขตพญาไท,แผนงานรักษาความสะอาด,งานบริหารการจัดเก็บรายได้,ค,2,25803000
28,สำนักงานเขตพญาไท,แผนงานรักษาความเป็นระเบียบเรียบร้อย,งานบริหารการจัดเก็บรายได้,ง,2,25803000
28,สำนักงานเขตพญาไท,แผนงานการโยธา,งานบริหารการจัดเก็บรายได้,จ,2,25803000
29,สำนักงานเขตห้วยขวาง,แผนงานบริหารงานปกครองและทะเบียน,งานปกครอง,ก,1,121708900
29,สำนักงานเขตห้วยขวาง,แผนงานบริหารงานปกครองและทะเบียน,งานทะเบียน,ก,2,27694900
29,สำนักงานเขตห้วยขวาง,แผนงานบริหารการคลัง,งานทะเบียน,ข,2,27694900
29,สำนักงานเขตห้วยขวาง,แผนงานบริหารการคลัง,งานบริหารการคลัง,ข,1,16133100
29,สำนักงานเขตห้วยขวาง,แผนงานบริหารการคลัง,งานบริหารการจัดเก็บรายได้,ข,2,26370500
29,สำนักงานเขตห้วยขวาง,แผนงานรักษาความสะอาด,งานบริหารการจัดเก็บรายได้,ค,2,26370500
29,สำนักงานเขตห้วยขวาง,แผนงานรักษาความเป็นระเบียบเรียบร้อย,งานบริหารการจัดเก็บรายได้,ง,2,26370500
29,สำนักงานเขตห้วยขวาง,แผนงานการโยธา,งานบริหารการจัดเก็บรายได้,จ,2,26370500
30,สำนักงานเขตพระโขนง,แผนงานบริหารงานปกครองและทะเบียน,งานปกครอง,ก,1,119391000
30,สำนักงานเขตพระโขนง,แผนงานบริหารงานปกครองและทะเบียน,งานทะเบียน,ก,2,26467200
30,สำนักงานเขตพระโขนง,แผนงานบริหารการคลัง,งานทะเบียน,ข,2,26467200
30,สำนักงานเขตพระโขนง,แผนงานบริหารการคลัง,งานบริหารการคลัง,ข,1,14745700
30,สำนักงานเขตพระโขนง,แผนงานบริหารการคลัง,งานบริหารการจัดเก็บรายได้,ข,2,25132800
30,สำนักงานเขตพระโขนง,แผนงานรักษาความสะอาด,งานบริหารการจัดเก็บรายได้,ค,2,25132800
30,สำนักงานเขตพระโขนง,แผนงานรักษาความเป็นระเบียบเรียบร้อย,งานบริหารการจัดเก็บรายได้,ง,2,25132800
30,สำนักงานเขตพระโขนง,แผนงานการโยธา,งานบริหารการจัดเก็บรายได้,จ,2,25132800
30,สำนักงานเขตพระโขนง,แผนงานพัฒนาสภาวะส่ิงแวดล้อม,โครงการก่อสร้างเข่ือน คสล (ดาดท้องคลอง)คลองขวางบนจากเข่ือนเดิมถึงสุดระยะท่ีกำหนด,ช,3,38020000
30,สำนักงานเขตพระโขนง,แผนงานพัฒนาชุมชน,โครงการก่อสร้างเข่ือน คสล (ดาดท้องคลอง)คลองขวางบนจากเข่ือนเดิมถึงสุดระยะท่ีกำหนด,ซ,3,38020000
31,สำนักงานเขตบางกะปิ,แผนงานบริหารงานปกครองและทะเบียน,งานปกครอง,ก,1,120143100
31,สำนักงานเขตบางกะปิ,แผนงานบริหารงานปกครองและทะเบียน,งานทะเบียน,ก,2,29378500
31,สำนักงานเขตบางกะปิ,แผนงานบริหารการคลัง,งานทะเบียน,ข,2,29378500
31,สำนักงานเขตบางกะปิ,แผนงานบริหารการคลัง,งานบริหารการคลัง,ข,1,15170600
31,สำนักงานเขตบางกะปิ,แผนงานบริหารการคลัง,งานบริหารการจัดเก็บรายได้,ข,2,25574900
31,สำนักงานเขตบางกะปิ,แผนงานรักษาความสะอาด,งานบริหารการจัดเก็บรายได้,ค,2,25574900
31,สำนักงานเขตบางกะปิ,แผนงานรักษาความเป็นระเบียบเรียบร้อย,งานบริหารการจัดเก็บรายได้,ง,2,25574900
31,สำนักงานเขตบางกะปิ,แผนงานการโยธา,งานบริหารการจัดเก็บรายได้,จ,2,25574900
31,สำนักงานเขตบางกะปิ,แผนงานการโยธา,งานการโยธา,จ,1,157757800
31,สำนักงานเขตบางกะปิ,แผนงานการโยธา,โครงการปรับปรุงถนนเสรีไทยซอย เช่ือมซอยศรีบูรพา  จากถนนเสรีไทยถึงสุดระยะท่ีกำหนด,จ,2,272213365600
31,สำนักงานเขตบางกะปิ,แผนงานการโยธา,โครงการปรับปรุงซอยสวนสน ซอย  และซอยเช่ือม,จ,3,310125019200
31,สำนักงานเขตบางกะปิ,แผนงานการโยธา,โครงการปรับปรุงซอยลาดพร้าว  แยก แยก  และซอยเช่ือม,จ,4,4109137991000
31,สำนักงานเขตบางกะปิ,แผนงานการโยธา,โครงการปรับปรุงท่อระบายน้ำถนนแฮปป้ีแลนด์สาย  จากถนนลาดพร้าว ถึงแฮปป้ีแลนด์สาย,จ,5,5217861000
31,สำนักงานเขตบางกะปิ,แผนงานบริหารการศึกษา,งานบริหารการศึกษา,ญ,1,1113270100
31,สำนักงานเขตบางกะปิ,แผนงานบริหารการศึกษา,โครงการก่อสร้างอาคารอเนกประสงค์  ชั้น,ญ,2,24
32,สำนักงานเขตบางเขน,แผนงานบริหารงานปกครองและทะเบียน,งานปกครอง,ก,1,122372600
32,สำนักงานเขตบางเขน,แผนงานบริหารงานปกครองและทะเบียน,งานทะเบียน,ก,2,210925100
32,สำนักงานเขตบางเขน,แผนงานบริหารการคลัง,งานทะเบียน,ข,2,210925100
32,สำนักงานเขตบางเขน,แผนงานบริหารการคลัง,งานบริหารการคลัง,ข,1,16993700
32,สำนักงานเขตบางเขน,แผนงานบริหารการคลัง,งานบริหารการจัดเก็บรายได้,ข,2,25326300
32,สำนักงานเขตบางเขน,แผนงานรักษาความสะอาด,งานบริหารการจัดเก็บรายได้,ค,2,25326300
32,สำนักงานเขตบางเขน,แผนงานรักษาความเป็นระเบียบเรียบร้อย,งานบริหารการจัดเก็บรายได้,ง,2,25326300
32,สำนักงานเขตบางเขน,แผนงานการโยธา,งานบริหารการจัดเก็บรายได้,จ,2,25326300
33,สำนักงานเขตมีนบุรี,แผนงานบริหารงานปกครองและทะเบียน,งานปกครอง,ก,1,120000400
33,สำนักงานเขตมีนบุรี,แผนงานบริหารงานปกครองและทะเบียน,งานทะเบียน,ก,2,28200900
33,สำนักงานเขตมีนบุรี,แผนงานบริหารการคลัง,งานทะเบียน,ข,2,28200900
33,สำนักงานเขตมีนบุรี,แผนงานบริหารการคลัง,งานบริหารการคลัง,ข,1,16146400
33,สำนักงานเขตมีนบุรี,แผนงานบริหารการคลัง,งานบริหารการจัดเก็บรายได้,ข,2,26002400
33,สำนักงานเขตมีนบุรี,แผนงานรักษาความสะอาด,งานบริหารการจัดเก็บรายได้,ค,2,26002400
33,สำนักงานเขตมีนบุรี,แผนงานรักษาความเป็นระเบียบเรียบร้อย,งานบริหารการจัดเก็บรายได้,ง,2,26002400
33,สำนักงานเขตมีนบุรี,แผนงานการโยธา,งานบริหารการจัดเก็บรายได้,จ,2,26002400
33,สำนักงานเขตมีนบุรี,แผนงานการโยธา,งานการโยธา,จ,1,176016900
33,สำนักงานเขตมีนบุรี,แผนงานการโยธา,โครงการปรับปรุงซอยบึงขวาง  จากถนนบึงขวางถึงเชิงสะพานข้ามคลองศาลเจ้าพ่อต่วน แขวงแสนแสบ,จ,2,2328563000
34,สำนักงานเขตลาดกระบัง,แผนงานบริหารงานปกครองและทะเบียน,งานปกครอง,ก,1,121872600
34,สำนักงานเขตลาดกระบัง,แผนงานบริหารงานปกครองและทะเบียน,งานทะเบียน,ก,2,27135700
34,สำนักงานเขตลาดกระบัง,แผนงานบริหารการคลัง,งานทะเบียน,ข,2,27135700
34,สำนักงานเขตลาดกระบัง,แผนงานบริหารการคลัง,งานบริหารการคลัง,ข,1,15842300
34,สำนักงานเขตลาดกระบัง,แผนงานบริหารการคลัง,งานบริหารการจัดเก็บรายได้,ข,2,26225300
34,สำนักงานเขตลาดกระบัง,แผนงานรักษาความสะอาด,งานบริหารการจัดเก็บรายได้,ค,2,26225300
34,สำนักงานเขตลาดกระบัง,แผนงานรักษาความเป็นระเบียบเรียบร้อย,งานบริหารการจัดเก็บรายได้,ง,2,26225300
34,สำนักงานเขตลาดกระบัง,แผนงานการโยธา,งานบริหารการจัดเก็บรายได้,จ,2,26225300
35,สำนักงานเขตหนองจอก,แผนงานบริหารงานปกครองและทะเบียน,งานปกครอง,ก,1,125527900
35,สำนักงานเขตหนองจอก,แผนงานบริหารงานปกครองและทะเบียน,งานทะเบียน,ก,2,26887200
35,สำนักงานเขตหนองจอก,แผนงานบริหารการคลัง,งานทะเบียน,ข,2,26887200
35,สำนักงานเขตหนองจอก,แผนงานบริหารการคลัง,งานบริหารการคลัง,ข,1,16567100
35,สำนักงานเขตหนองจอก,แผนงานบริหารการคลัง,งานบริหารการจัดเก็บรายได้,ข,2,25847300
35,สำนักงานเขตหนองจอก,แผนงานรักษาความสะอาด,งานบริหารการจัดเก็บรายได้,ค,2,25847300
35,สำนักงานเขตหนองจอก,แผนงานรักษาความเป็นระเบียบเรียบร้อย,งานบริหารการจัดเก็บรายได้,ง,2,25847300
35,สำนักงานเขตหนองจอก,แผนงานการโยธา,งานบริหารการจัดเก็บรายได้,จ,2,25847300
36,สำนักงานเขตธนบุรี,แผนงานบริหารงานปกครองและทะเบียน,งานปกครอง,ก,1,120306500
36,สำนักงานเขตธนบุรี,แผนงานบริหารงานปกครองและทะเบียน,งานทะเบียน,ก,2,28054000
36,สำนักงานเขตธนบุรี,แผนงานบริหารการคลัง,งานทะเบียน,ข,2,28054000
36,สำนักงานเขตธนบุรี,แผนงานบริหารการคลัง,งานบริหารการคลัง,ข,1,16735600
36,สำนักงานเขตธนบุรี,แผนงานบริหารการคลัง,งานบริหารการจัดเก็บรายได้,ข,2,24826900
36,สำนักงานเขตธนบุรี,แผนงานรักษาความสะอาด,งานบริหารการจัดเก็บรายได้,ค,2,24826900
36,สำนักงานเขตธนบุรี,แผนงานรักษาความเป็นระเบียบเรียบร้อย,งานบริหารการจัดเก็บรายได้,ง,2,24826900
36,สำนักงานเขตธนบุรี,แผนงานการโยธา,งานบริหารการจัดเก็บรายได้,จ,2,24826900
36,สำนักงานเขตธนบุรี,แผนงานการโยธา,งานการโยธา,จ,1,113500400
36,สำนักงานเขตธนบุรี,แผนงานการโยธา,โครงการก่อสร้างศูนย์บริการสาธารณสุข จันทร์ ฉิมไพบูลย์,จ,2,22715720200
37,สำนักงานเขตคลองสาน,แผนงานบริหารงานปกครองและทะเบียน,งานปกครอง,ก,1,120676100
37,สำนักงานเขตคลองสาน,แผนงานบริหารงานปกครองและทะเบียน,งานทะเบียน,ก,2,26173800
37,สำนักงานเขตคลองสาน,แผนงานบริหารการคลัง,งานทะเบียน,ข,2,26173800
37,สำนักงานเขตคลองสาน,แผนงานบริหารการคลัง,งานบริหารการคลัง,ข,1,16015500
37,สำนักงานเขตคลองสาน,แผนงานบริหารการคลัง,งานบริหารการจัดเก็บรายได้,ข,2,24808200
37,สำนักงานเขตคลองสาน,แผนงานรักษาความสะอาด,งานบริหารการจัดเก็บรายได้,ค,2,24808200
37,สำนักงานเขตคลองสาน,แผนงานรักษาความเป็นระเบียบเรียบร้อย,งานบริหารการจัดเก็บรายได้,ง,2,24808200
37,สำนักงานเขตคลองสาน,แผนงานการโยธา,งานบริหารการจัดเก็บรายได้,จ,2,24808200
38,สำนักงานเขตบางกอกใหญ่,แผนงานบริหารงานปกครองและทะเบียน,งานปกครอง,ก,1,119030800
38,สำนักงานเขตบางกอกใหญ่,แผนงานบริหารงานปกครองและทะเบียน,งานทะเบียน,ก,2,27986300
38,สำนักงานเขตบางกอกใหญ่,แผนงานบริหารการคลัง,งานทะเบียน,ข,2,27986300
38,สำนักงานเขตบางกอกใหญ่,แผนงานบริหารการคลัง,งานบริหารการคลัง,ข,1,15416500
38,สำนักงานเขตบางกอกใหญ่,แผนงานบริหารการคลัง,งานบริหารการจัดเก็บรายได้,ข,2,24885800
38,สำนักงานเขตบางกอกใหญ่,แผนงานรักษาความสะอาด,งานบริหารการจัดเก็บรายได้,ค,2,24885800
38,สำนักงานเขตบางกอกใหญ่,แผนงานรักษาความเป็นระเบียบเรียบร้อย,งานบริหารการจัดเก็บรายได้,ง,2,24885800
38,สำนักงานเขตบางกอกใหญ่,แผนงานการโยธา,งานบริหารการจัดเก็บรายได้,จ,2,24885800
38,สำนักงานเขตบางกอกใหญ่,แผนงานพัฒนาสภาวะส่ิงแวดล้อม,โครงการก่อสร้างเข่ือน คสล (ดาดท้องคลอง) คลองต้นไทร ซอยเพชรเกษม,ช,2,277094800
38,สำนักงานเขตบางกอกใหญ่,แผนงานพัฒนาชุมชน,โครงการก่อสร้างเข่ือน คสล (ดาดท้องคลอง) คลองต้นไทร ซอยเพชรเกษม,ซ,2,277094800
39,สำนักงานเขตบางกอกน้อย,แผนงานบริหารงานปกครองและทะเบียน,งานปกครอง,ก,1,137175400
39,สำนักงานเขตบางกอกน้อย,แผนงานบริหารงานปกครองและทะเบียน,งานทะเบียน,ก,2,28573500
39,สำนักงานเขตบางกอกน้อย,แผนงานบริหารการคลัง,งานทะเบียน,ข,2,28573500
39,สำนักงานเขตบางกอกน้อย,แผนงานบริหารการคลัง,งานบริหารการคลัง,ข,1,15563600
39,สำนักงานเขตบางกอกน้อย,แผนงานบริหารการคลัง,งานบริหารการจัดเก็บรายได้,ข,2,24981700
39,สำนักงานเขตบางกอกน้อย,แผนงานรักษาความสะอาด,งานบริหารการจัดเก็บรายได้,ค,2,24981700
39,สำนักงานเขตบางกอกน้อย,แผนงานรักษาความเป็นระเบียบเรียบร้อย,งานบริหารการจัดเก็บรายได้,ง,2,24981700
39,สำนักงานเขตบางกอกน้อย,แผนงานการโยธา,งานบริหารการจัดเก็บรายได้,จ,2,24981700
39,สำนักงานเขตบางกอกน้อย,แผนงานพัฒนาสภาวะส่ิงแวดล้อม,โครงการก่อสร้างเข่ือน คสล (ดาดท้องคลอง) คลองวัดยางจากถนนจรัญสนิทวงศ์ถึงคลองบางขุนศรี,ช,2,237647588
39,สำนักงานเขตบางกอกน้อย,แผนงานพัฒนาชุมชน,โครงการก่อสร้างเข่ือน คสล (ดาดท้องคลอง) คลองวัดยางจากถนนจรัญสนิทวงศ์ถึงคลองบางขุนศรี,ซ,2,237647588
40,สำนักงานเขตตล่ิงชัน,แผนงานบริหารงานปกครองและทะเบียน,งานปกครอง,ก,1,117989940
40,สำนักงานเขตตล่ิงชัน,แผนงานบริหารงานปกครองและทะเบียน,งานทะเบียน,ก,2,27530100
40,สำนักงานเขตตล่ิงชัน,แผนงานบริหารการคลัง,งานทะเบียน,ข,2,27530100
40,สำนักงานเขตตล่ิงชัน,แผนงานบริหารการคลัง,งานบริหารการคลัง,ข,1,15663000
40,สำนักงานเขตตล่ิงชัน,แผนงานบริหารการคลัง,งานบริหารการจัดเก็บรายได้,ข,2,25866400
40,สำนักงานเขตตล่ิงชัน,แผนงานรักษาความสะอาด,งานบริหารการจัดเก็บรายได้,ค,2,25866400
40,สำนักงานเขตตล่ิงชัน,แผนงานรักษาความเป็นระเบียบเรียบร้อย,งานบริหารการจัดเก็บรายได้,ง,2,25866400
40,สำนักงานเขตตล่ิงชัน,แผนงานการโยธา,งานบริหารการจัดเก็บรายได้,จ,2,25866400
41,สำนักงานเขตภาษีเจริญ,แผนงานบริหารงานปกครองและทะเบียน,งานปกครอง,ก,1,122084900
41,สำนักงานเขตภาษีเจริญ,แผนงานบริหารงานปกครองและทะเบียน,งานทะเบียน,ก,2,28775900
41,สำนักงานเขตภาษีเจริญ,แผนงานบริหารการคลัง,งานทะเบียน,ข,2,28775900
41,สำนักงานเขตภาษีเจริญ,แผนงานบริหารการคลัง,งานบริหารการคลัง,ข,1,15640100
41,สำนักงานเขตภาษีเจริญ,แผนงานบริหารการคลัง,งานบริหารการจัดเก็บรายได้,ข,2,25474300
41,สำนักงานเขตภาษีเจริญ,แผนงานรักษาความสะอาด,งานบริหารการจัดเก็บรายได้,ค,2,25474300
41,สำนักงานเขตภาษีเจริญ,แผนงานรักษาความเป็นระเบียบเรียบร้อย,งานบริหารการจัดเก็บรายได้,ง,2,25474300
41,สำนักงานเขตภาษีเจริญ,แผนงานการโยธา,งานบริหารการจัดเก็บรายได้,จ,2,25474300
41,สำนักงานเขตภาษีเจริญ,แผนงานบริหารการศึกษา,งานบริหารการศึกษา,ญ,1,197898600
41,สำนักงานเขตภาษีเจริญ,แผนงานบริหารการศึกษา,โครงการก่อสร้างอาคารอเนกประสงค์  ชั้นโรงเรียนบางจาก (โกมลประเสริฐอุทิศ),ญ,2,2312474700
42,สำนักงานเขตหนองแขม,แผนงานบริหารการศึกษา,โครงการก่อสร้างอาคารอเนกประสงค์  ชั้นโรงเรียนบางจาก (โกมลประเสริฐอุทิศ),ญ,2,2312474700
42,สำนักงานเขตหนองแขม,แผนงานบริหารงานปกครองและทะเบียน,โครงการก่อสร้างอาคารอเนกประสงค์  ชั้นโรงเรียนบางจาก (โกมลประเสริฐอุทิศ),ก,2,2312474700
42,สำนักงานเขตหนองแขม,แผนงานบริหารงานปกครองและทะเบียน,งานปกครอง,ก,1,122655100
42,สำนักงานเขตหนองแขม,แผนงานบริหารงานปกครองและทะเบียน,งานทะเบียน,ก,2,28108500
42,สำนักงานเขตหนองแขม,แผนงานบริหารการคลัง,งานทะเบียน,ข,2,28108500
42,สำนักงานเขตหนองแขม,แผนงานบริหารการคลัง,งานบริหารการคลัง,ข,1,16686800
42,สำนักงานเขตหนองแขม,แผนงานบริหารการคลัง,งานบริหารการจัดเก็บรายได้,ข,2,26556000
42,สำนักงานเขตหนองแขม,แผนงานรักษาความสะอาด,งานบริหารการจัดเก็บรายได้,ค,2,26556000
42,สำนักงานเขตหนองแขม,แผนงานรักษาความเป็นระเบียบเรียบร้อย,งานบริหารการจัดเก็บรายได้,ง,2,26556000
42,สำนักงานเขตหนองแขม,แผนงานการโยธา,งานบริหารการจัดเก็บรายได้,จ,2,26556000
43,สำนักงานเขตบางขุนเทียน,แผนงานบริหารงานปกครองและทะเบียน,งานปกครอง,ก,1,127859600
43,สำนักงานเขตบางขุนเทียน,แผนงานบริหารงานปกครองและทะเบียน,งานทะเบียน,ก,2,27811700
43,สำนักงานเขตบางขุนเทียน,แผนงานบริหารการคลัง,งานทะเบียน,ข,2,27811700
43,สำนักงานเขตบางขุนเทียน,แผนงานบริหารการคลัง,งานบริหารการคลัง,ข,1,15778400
43,สำนักงานเขตบางขุนเทียน,แผนงานบริหารการคลัง,งานบริหารการจัดเก็บรายได้,ข,2,26839700
43,สำนักงานเขตบางขุนเทียน,แผนงานรักษาความสะอาด,งานบริหารการจัดเก็บรายได้,ค,2,26839700
43,สำนักงานเขตบางขุนเทียน,แผนงานรักษาความเป็นระเบียบเรียบร้อย,งานบริหารการจัดเก็บรายได้,ง,2,26839700
43,สำนักงานเขตบางขุนเทียน,แผนงานการโยธา,งานบริหารการจัดเก็บรายได้,จ,2,26839700
43,สำนักงานเขตบางขุนเทียน,แผนงานการโยธา,งานการโยธา,จ,1,185546400
43,สำนักงานเขตบางขุนเทียน,แผนงานการโยธา,โครงการก่อสร้างสะพานทางเดินเลียบเส้นทางศึกษาและชมธรรมชาติป่าชายเลน ชายทะเลกรุงเทพ,จ,2,29372400
44,สำนักงานเขตราษฎร์บูรณะ,แผนงานบริหารงานปกครองและทะเบียน,งานปกครอง,ก,1,121886100
44,สำนักงานเขตราษฎร์บูรณะ,แผนงานบริหารงานปกครองและทะเบียน,งานทะเบียน,ก,2,27117400
44,สำนักงานเขตราษฎร์บูรณะ,แผนงานบริหารการคลัง,งานทะเบียน,ข,2,27117400
44,สำนักงานเขตราษฎร์บูรณะ,แผนงานบริหารการคลัง,งานบริหารการคลัง,ข,1,16313500
44,สำนักงานเขตราษฎร์บูรณะ,แผนงานบริหารการคลัง,งานบริหารการจัดเก็บรายได้,ข,2,25410200
44,สำนักงานเขตราษฎร์บูรณะ,แผนงานรักษาความสะอาด,งานบริหารการจัดเก็บรายได้,ค,2,25410200
44,สำนักงานเขตราษฎร์บูรณะ,แผนงานรักษาความเป็นระเบียบเรียบร้อย,งานบริหารการจัดเก็บรายได้,ง,2,25410200
44,สำนักงานเขตราษฎร์บูรณะ,แผนงานการโยธา,งานบริหารการจัดเก็บรายได้,จ,2,25410200
45,สำนักงานเขตดอนเมือง,แผนงานบริหารงานปกครองและทะเบียน,งานปกครอง,ก,1,119921000
45,สำนักงานเขตดอนเมือง,แผนงานบริหารงานปกครองและทะเบียน,งานทะเบียน,ก,2,29928000
45,สำนักงานเขตดอนเมือง,แผนงานบริหารการคลัง,งานทะเบียน,ข,2,29928000
45,สำนักงานเขตดอนเมือง,แผนงานบริหารการคลัง,งานบริหารการคลัง,ข,1,16047300
45,สำนักงานเขตดอนเมือง,แผนงานบริหารการคลัง,งานบริหารการจัดเก็บรายได้,ข,2,25153700
45,สำนักงานเขตดอนเมือง,แผนงานรักษาความสะอาด,งานบริหารการจัดเก็บรายได้,ค,2,25153700
45,สำนักงานเขตดอนเมือง,แผนงานรักษาความเป็นระเบียบเรียบร้อย,งานบริหารการจัดเก็บรายได้,ง,2,25153700
45,สำนักงานเขตดอนเมือง,แผนงานการโยธา,งานบริหารการจัดเก็บรายได้,จ,2,25153700
46,สำนักงานเขตจตุจักร,แผนงานบริหารงานปกครองและทะเบียน,งานปกครอง,ก,1,120562800
46,สำนักงานเขตจตุจักร,แผนงานบริหารงานปกครองและทะเบียน,งานทะเบียน,ก,2,210000900
46,สำนักงานเขตจตุจักร,แผนงานบริหารการคลัง,งานทะเบียน,ข,2,210000900
46,สำนักงานเขตจตุจักร,แผนงานบริหารการคลัง,งานบริหารการคลัง,ข,1,15164800
46,สำนักงานเขตจตุจักร,แผนงานบริหารการคลัง,งานบริหารการจัดเก็บรายได้,ข,2,27565700
46,สำนักงานเขตจตุจักร,แผนงานรักษาความสะอาด,งานบริหารการจัดเก็บรายได้,ค,2,27565700
46,สำนักงานเขตจตุจักร,แผนงานรักษาความเป็นระเบียบเรียบร้อย,งานบริหารการจัดเก็บรายได้,ง,2,27565700
46,สำนักงานเขตจตุจักร,แผนงานการโยธา,งานบริหารการจัดเก็บรายได้,จ,2,27565700
46,สำนักงานเขตจตุจักร,แผนงานพัฒนาชุมชน,งานพัฒนาชุมชน,ซ,1,127467100
46,สำนักงานเขตจตุจักร,แผนงานพัฒนาชุมชน,โครงการก่อสร้างอาคารศูนย์ฝึกอาชีพ  ชั้นสำนักงานเขตจตุจักร,ซ,2,259914300
47,สำนักงานเขตลาดพร้าว,แผนงานบริหารงานปกครองและทะเบียน,งานปกครอง,ก,1,121592600
47,สำนักงานเขตลาดพร้าว,แผนงานบริหารงานปกครองและทะเบียน,งานทะเบียน,ก,2,28481500
47,สำนักงานเขตลาดพร้าว,แผนงานบริหารการคลัง,งานทะเบียน,ข,2,28481500
47,สำนักงานเขตลาดพร้าว,แผนงานบริหารการคลัง,งานบริหารการคลัง,ข,1,15720600
47,สำนักงานเขตลาดพร้าว,แผนงานบริหารการคลัง,งานบริหารการจัดเก็บรายได้,ข,2,25932200
47,สำนักงานเขตลาดพร้าว,แผนงานรักษาความสะอาด,งานบริหารการจัดเก็บรายได้,ค,2,25932200
47,สำนักงานเขตลาดพร้าว,แผนงานรักษาความเป็นระเบียบเรียบร้อย,งานบริหารการจัดเก็บรายได้,ง,2,25932200
47,สำนักงานเขตลาดพร้าว,แผนงานการโยธา,งานบริหารการจัดเก็บรายได้,จ,2,25932200
47,สำนักงานเขตลาดพร้าว,แผนงานการโยธา,งานการโยธา,จ,1,146115400
47,สำนักงานเขตลาดพร้าว,แผนงานการโยธา,โครงการปรับปรุงซอยนาคนิวาส จากถนนนาคนิวาสถึงสุดระยะท่ีกำหนด,จ,2,2488178000
48,สำนักงานเขตบึงกุ่ม,แผนงานบริหารงานปกครองและทะเบียน,งานปกครอง,ก,1,119631400
48,สำนักงานเขตบึงกุ่ม,แผนงานบริหารงานปกครองและทะเบียน,งานทะเบียน,ก,2,26746500
48,สำนักงานเขตบึงกุ่ม,แผนงานบริหารการคลัง,งานทะเบียน,ข,2,26746500
48,สำนักงานเขตบึงกุ่ม,แผนงานบริหารการคลัง,งานบริหารการคลัง,ข,1,16171100
48,สำนักงานเขตบึงกุ่ม,แผนงานบริหารการคลัง,งานบริหารการจัดเก็บรายได้,ข,2,24456800
48,สำนักงานเขตบึงกุ่ม,แผนงานรักษาความสะอาด,งานบริหารการจัดเก็บรายได้,ค,2,24456800
48,สำนักงานเขตบึงกุ่ม,แผนงานรักษาความเป็นระเบียบเรียบร้อย,งานบริหารการจัดเก็บรายได้,ง,2,24456800
48,สำนักงานเขตบึงกุ่ม,แผนงานการโยธา,งานบริหารการจัดเก็บรายได้,จ,2,24456800
48,สำนักงานเขตบึงกุ่ม,แผนงานบริหารการศึกษา,งานบริหารการศึกษา,ญ,1,175695100
48,สำนักงานเขตบึงกุ่ม,แผนงานบริหารการศึกษา,โครงการก่อสร้างอาคารบ้านพักครู คสล  ชั้น,ญ,2,247720000
49,โรงเรียนประภาสวิทยา สำนักงานเขตสาทร,แผนงานบริหารการศึกษา,โครงการก่อสร้างอาคารบ้านพักครู คสล  ชั้น,ญ,2,247720000
49,โรงเรียนประภาสวิทยา สำนักงานเขตสาทร,แผนงานบริหารงานปกครองและทะเบียน,โครงการก่อสร้างอาคารบ้านพักครู คสล  ชั้น,ก,2,247720000
49,โรงเรียนประภาสวิทยา สำนักงานเขตสาทร,แผนงานบริหารงานปกครองและทะเบียน,งานปกครอง,ก,1,123824000
49,โรงเรียนประภาสวิทยา สำนักงานเขตสาทร,แผนงานบริหารงานปกครองและทะเบียน,งานทะเบียน,ก,2,26897800
49,โรงเรียนประภาสวิทยา สำนักงานเขตสาทร,แผนงานบริหารการคลัง,งานทะเบียน,ข,2,26897800
49,โรงเรียนประภาสวิทยา สำนักงานเขตสาทร,แผนงานบริหารการคลัง,งานบริหารการคลัง,ข,1,15611000
49,โรงเรียนประภาสวิทยา สำนักงานเขตสาทร,แผนงานบริหารการคลัง,งานบริหารการจัดเก็บรายได้,ข,2,25220600
49,โรงเรียนประภาสวิทยา สำนักงานเขตสาทร,แผนงานรักษาความสะอาด,งานบริหารการจัดเก็บรายได้,ค,2,25220600
49,โรงเรียนประภาสวิทยา สำนักงานเขตสาทร,แผนงานรักษาความเป็นระเบียบเรียบร้อย,งานบริหารการจัดเก็บรายได้,ง,2,25220600
49,โรงเรียนประภาสวิทยา สำนักงานเขตสาทร,แผนงานการโยธา,งานบริหารการจัดเก็บรายได้,จ,2,25220600
50,สำนักงานเขตบางคอแหลม,แผนงานบริหารงานปกครองและทะเบียน,งานปกครอง,ก,1,117827800
50,สำนักงานเขตบางคอแหลม,แผนงานบริหารงานปกครองและทะเบียน,งานทะเบียน,ก,2,27357800
50,สำนักงานเขตบางคอแหลม,แผนงานบริหารการคลัง,งานทะเบียน,ข,2,27357800
50,สำนักงานเขตบางคอแหลม,แผนงานบริหารการคลัง,งานบริหารการคลัง,ข,1,15408000
50,สำนักงานเขตบางคอแหลม,แผนงานบริหารการคลัง,งานบริหารการจัดเก็บรายได้,ข,2,25147500
50,สำนักงานเขตบางคอแหลม,แผนงานรักษาความสะอาด,งานบริหารการจัดเก็บรายได้,ค,2,25147500
50,สำนักงานเขตบางคอแหลม,แผนงานรักษาความเป็นระเบียบเรียบร้อย,งานบริหารการจัดเก็บรายได้,ง,2,25147500
50,สำนักงานเขตบางคอแหลม,แผนงานการโยธา,งานบริหารการจัดเก็บรายได้,จ,2,25147500
50,สำนักงานเขตบางคอแหลม,แผนงานพัฒนาสภาวะส่ิงแวดล้อม,โครงการก่อสร้างเข่ือน คสล (ดาดท้องคลอง)คลองบางโคล่สารจากถนนพระรามท่ี  ถึงจุดท่ีกำหนดให้,ช,2,2312000000
50,สำนักงานเขตบางคอแหลม,แผนงานพัฒนาชุมชน,โครงการก่อสร้างเข่ือน คสล (ดาดท้องคลอง)คลองบางโคล่สารจากถนนพระรามท่ี  ถึงจุดท่ีกำหนดให้,ซ,2,2312000000
51,สำนักงานเขตบางซ่ือ,แผนงานบริหารงานปกครองและทะเบียน,งานปกครอง,ก,1,123395300
51,สำนักงานเขตบางซ่ือ,แผนงานบริหารงานปกครองและทะเบียน,งานทะเบียน,ก,2,29197500
51,สำนักงานเขตบางซ่ือ,แผนงานบริหารการคลัง,งานทะเบียน,ข,2,29197500
51,สำนักงานเขตบางซ่ือ,แผนงานบริหารการคลัง,งานบริหารการคลัง,ข,1,16042900
51,สำนักงานเขตบางซ่ือ,แผนงานบริหารการคลัง,งานบริหารการจัดเก็บรายได้,ข,2,24843100
51,สำนักงานเขตบางซ่ือ,แผนงานรักษาความสะอาด,งานบริหารการจัดเก็บรายได้,ค,2,24843100
51,สำนักงานเขตบางซ่ือ,แผนงานรักษาความเป็นระเบียบเรียบร้อย,งานบริหารการจัดเก็บรายได้,ง,2,24843100
51,สำนักงานเขตบางซ่ือ,แผนงานการโยธา,งานบริหารการจัดเก็บรายได้,จ,2,24843100
52,สำนักงานเขตราชเทวี,แผนงานบริหารงานปกครองและทะเบียน,งานปกครอง,ก,1,121196600
52,สำนักงานเขตราชเทวี,แผนงานบริหารงานปกครองและทะเบียน,งานทะเบียน,ก,2,27299700
52,สำนักงานเขตราชเทวี,แผนงานบริหารการคลัง,งานทะเบียน,ข,2,27299700
52,สำนักงานเขตราชเทวี,แผนงานบริหารการคลัง,งานบริหารการคลัง,ข,1,114028300
52,สำนักงานเขตราชเทวี,แผนงานบริหารการคลัง,งานบริหารการจัดเก็บรายได้,ข,2,25818100
52,สำนักงานเขตราชเทวี,แผนงานรักษาความสะอาด,งานบริหารการจัดเก็บรายได้,ค,2,25818100
52,สำนักงานเขตราชเทวี,แผนงานรักษาความเป็นระเบียบเรียบร้อย,งานบริหารการจัดเก็บรายได้,ง,2,25818100
52,สำนักงานเขตราชเทวี,แผนงานการโยธา,งานบริหารการจัดเก็บรายได้,จ,2,25818100
53,สำนักงานเขตคลองเตย,แผนงานบริหารงานปกครองและทะเบียน,งานปกครอง,ก,1,122156500
53,สำนักงานเขตคลองเตย,แผนงานบริหารงานปกครองและทะเบียน,งานทะเบียน,ก,2,27806900
53,สำนักงานเขตคลองเตย,แผนงานบริหารการคลัง,งานทะเบียน,ข,2,27806900
53,สำนักงานเขตคลองเตย,แผนงานบริหารการคลัง,งานบริหารการคลัง,ข,1,14598000
53,สำนักงานเขตคลองเตย,แผนงานบริหารการคลัง,งานบริหารการจัดเก็บรายได้,ข,2,25143700
53,สำนักงานเขตคลองเตย,แผนงานรักษาความสะอาด,งานบริหารการจัดเก็บรายได้,ค,2,25143700
53,สำนักงานเขตคลองเตย,แผนงานรักษาความเป็นระเบียบเรียบร้อย,งานบริหารการจัดเก็บรายได้,ง,2,25143700
53,สำนักงานเขตคลองเตย,แผนงานการโยธา,งานบริหารการจัดเก็บรายได้,จ,2,25143700
53,สำนักงานเขตคลองเตย,แผนงานการโยธา,งานการโยธา,จ,1,116747614
53,สำนักงานเขตคลองเตย,แผนงานการโยธา,โครงการปรับปรุงซอยสุขุมวิท  จากถนนสุขุมวิท ถึงถนนพระรามท่ี,จ,2,236418267666
54,สำนักงานเขตประเวศ,แผนงานบริหารงานปกครองและทะเบียน,งานปกครอง,ก,1,147301300
54,สำนักงานเขตประเวศ,แผนงานบริหารงานปกครองและทะเบียน,งานทะเบียน,ก,2,28615400
54,สำนักงานเขตประเวศ,แผนงานบริหารการคลัง,งานทะเบียน,ข,2,28615400
54,สำนักงานเขตประเวศ,แผนงานบริหารการคลัง,งานบริหารการคลัง,ข,1,15478500
54,สำนักงานเขตประเวศ,แผนงานบริหารการคลัง,งานบริหารการจัดเก็บรายได้,ข,2,25930300
54,สำนักงานเขตประเวศ,แผนงานรักษาความสะอาด,งานบริหารการจัดเก็บรายได้,ค,2,25930300
54,สำนักงานเขตประเวศ,แผนงานรักษาความเป็นระเบียบเรียบร้อย,งานบริหารการจัดเก็บรายได้,ง,2,25930300
54,สำนักงานเขตประเวศ,แผนงานการโยธา,งานบริหารการจัดเก็บรายได้,จ,2,25930300
55,สำนักงานเขตบางพลัด,แผนงานบริหารงานปกครองและทะเบียน,งานปกครอง,ก,1,117958600
55,สำนักงานเขตบางพลัด,แผนงานบริหารงานปกครองและทะเบียน,งานทะเบียน,ก,2,28125600
55,สำนักงานเขตบางพลัด,แผนงานบริหารการคลัง,งานทะเบียน,ข,2,28125600
55,สำนักงานเขตบางพลัด,แผนงานบริหารการคลัง,งานบริหารการคลัง,ข,1,16774400
55,สำนักงานเขตบางพลัด,แผนงานบริหารการคลัง,งานบริหารการจัดเก็บรายได้,ข,2,26107000
55,สำนักงานเขตบางพลัด,แผนงานรักษาความสะอาด,งานบริหารการจัดเก็บรายได้,ค,2,26107000
55,สำนักงานเขตบางพลัด,แผนงานรักษาความเป็นระเบียบเรียบร้อย,งานบริหารการจัดเก็บรายได้,ง,2,26107000
55,สำนักงานเขตบางพลัด,แผนงานการโยธา,งานบริหารการจัดเก็บรายได้,จ,2,26107000
56,สำนักงานเขตจอมทอง,แผนงานบริหารงานปกครองและทะเบียน,งานปกครอง,ก,1,118949600
56,สำนักงานเขตจอมทอง,แผนงานบริหารงานปกครองและทะเบียน,งานทะเบียน,ก,2,28416700
56,สำนักงานเขตจอมทอง,แผนงานบริหารการคลัง,งานทะเบียน,ข,2,28416700
56,สำนักงานเขตจอมทอง,แผนงานบริหารการคลัง,งานบริหารการคลัง,ข,1,16345600
56,สำนักงานเขตจอมทอง,แผนงานบริหารการคลัง,งานบริหารการจัดเก็บรายได้,ข,2,25492700
56,สำนักงานเขตจอมทอง,แผนงานรักษาความสะอาด,งานบริหารการจัดเก็บรายได้,ค,2,25492700
56,สำนักงานเขตจอมทอง,แผนงานรักษาความเป็นระเบียบเรียบร้อย,งานบริหารการจัดเก็บรายได้,ง,2,25492700
56,สำนักงานเขตจอมทอง,แผนงานการโยธา,งานบริหารการจัดเก็บรายได้,จ,2,25492700
57,สำนักงานเขตดินแดง,แผนงานบริหารงานปกครองและทะเบียน,งานปกครอง,ก,1,117993000
57,สำนักงานเขตดินแดง,แผนงานบริหารงานปกครองและทะเบียน,งานทะเบียน,ก,2,27938600
57,สำนักงานเขตดินแดง,แผนงานบริหารการคลัง,งานทะเบียน,ข,2,27938600
57,สำนักงานเขตดินแดง,แผนงานบริหารการคลัง,งานบริหารการคลัง,ข,1,15410500
57,สำนักงานเขตดินแดง,แผนงานบริหารการคลัง,งานบริหารการจัดเก็บรายได้,ข,2,26141300
57,สำนักงานเขตดินแดง,แผนงานรักษาความสะอาด,งานบริหารการจัดเก็บรายได้,ค,2,26141300
57,สำนักงานเขตดินแดง,แผนงานรักษาความเป็นระเบียบเรียบร้อย,งานบริหารการจัดเก็บรายได้,ง,2,26141300
57,สำนักงานเขตดินแดง,แผนงานการโยธา,งานบริหารการจัดเก็บรายได้,จ,2,26141300
58,สำนักงานเขตสวนหลวง,แผนงานบริหารงานปกครองและทะเบียน,งานปกครอง,ก,1,120293200
58,สำนักงานเขตสวนหลวง,แผนงานบริหารงานปกครองและทะเบียน,งานทะเบียน,ก,2,26911500
58,สำนักงานเขตสวนหลวง,แผนงานบริหารการคลัง,งานทะเบียน,ข,2,26911500
58,สำนักงานเขตสวนหลวง,แผนงานบริหารการคลัง,งานบริหารการคลัง,ข,1,16773900
58,สำนักงานเขตสวนหลวง,แผนงานบริหารการคลัง,งานบริหารการจัดเก็บรายได้,ข,2,24828900
58,สำนักงานเขตสวนหลวง,แผนงานรักษาความสะอาด,งานบริหารการจัดเก็บรายได้,ค,2,24828900
58,สำนักงานเขตสวนหลวง,แผนงานรักษาความเป็นระเบียบเรียบร้อย,งานบริหารการจัดเก็บรายได้,ง,2,24828900
58,สำนักงานเขตสวนหลวง,แผนงานการโยธา,งานบริหารการจัดเก็บรายได้,จ,2,24828900
59,สำนักงานเขตวัฒนา,แผนงานบริหารงานปกครองและทะเบียน,งานปกครอง,ก,1,126314300
59,สำนักงานเขตวัฒนา,แผนงานบริหารงานปกครองและทะเบียน,งานทะเบียน,ก,2,26309700
59,สำนักงานเขตวัฒนา,แผนงานบริหารการคลัง,งานทะเบียน,ข,2,26309700
59,สำนักงานเขตวัฒนา,แผนงานบริหารการคลัง,งานบริหารการคลัง,ข,1,15470600
59,สำนักงานเขตวัฒนา,แผนงานบริหารการคลัง,งานบริหารการจัดเก็บรายได้,ข,2,26015700
59,สำนักงานเขตวัฒนา,แผนงานรักษาความสะอาด,งานบริหารการจัดเก็บรายได้,ค,2,26015700
59,สำนักงานเขตวัฒนา,แผนงานรักษาความเป็นระเบียบเรียบร้อย,งานบริหารการจัดเก็บรายได้,ง,2,26015700
59,สำนักงานเขตวัฒนา,แผนงานการโยธา,งานบริหารการจัดเก็บรายได้,จ,2,26015700
60,สำนักงานเขตบางแค,แผนงานบริหารงานปกครองและทะเบียน,งานปกครอง,ก,1,118539900
60,สำนักงานเขตบางแค,แผนงานบริหารงานปกครองและทะเบียน,งานทะเบียน,ก,2,28419200
60,สำนักงานเขตบางแค,แผนงานบริหารการคลัง,งานทะเบียน,ข,2,28419200
60,สำนักงานเขตบางแค,แผนงานบริหารการคลัง,งานบริหารการคลัง,ข,1,15793700
60,สำนักงานเขตบางแค,แผนงานบริหารการคลัง,งานบริหารการจัดเก็บรายได้,ข,2,25519600
60,สำนักงานเขตบางแค,แผนงานรักษาความสะอาด,งานบริหารการจัดเก็บรายได้,ค,2,25519600
60,สำนักงานเขตบางแค,แผนงานรักษาความเป็นระเบียบเรียบร้อย,งานบริหารการจัดเก็บรายได้,ง,2,25519600
60,สำนักงานเขตบางแค,แผนงานการโยธา,งานบริหารการจัดเก็บรายได้,จ,2,25519600
61,สำนักงานเขตหลักส่ี,แผนงานบริหารงานปกครองและทะเบียน,งานปกครอง,ก,1,131279700
61,สำนักงานเขตหลักส่ี,แผนงานบริหารงานปกครองและทะเบียน,งานทะเบียน,ก,2,27419200
61,สำนักงานเขตหลักส่ี,แผนงานบริหารการคลัง,งานทะเบียน,ข,2,27419200
61,สำนักงานเขตหลักส่ี,แผนงานบริหารการคลัง,งานบริหารการคลัง,ข,1,15344900
61,สำนักงานเขตหลักส่ี,แผนงานบริหารการคลัง,งานบริหารการจัดเก็บรายได้,ข,2,25256100
61,สำนักงานเขตหลักส่ี,แผนงานรักษาความสะอาด,งานบริหารการจัดเก็บรายได้,ค,2,25256100
61,สำนักงานเขตหลักส่ี,แผนงานรักษาความเป็นระเบียบเรียบร้อย,งานบริหารการจัดเก็บรายได้,ง,2,25256100
61,สำนักงานเขตหลักส่ี,แผนงานการโยธา,งานบริหารการจัดเก็บรายได้,จ,2,25256100
62,สำนักงานเขตสายไหม,แผนงานบริหารงานปกครองและทะเบียน,งานปกครอง,ก,1,121181600
62,สำนักงานเขตสายไหม,แผนงานบริหารงานปกครองและทะเบียน,งานทะเบียน,ก,2,29270200
62,สำนักงานเขตสายไหม,แผนงานบริหารการคลัง,งานทะเบียน,ข,2,29270200
62,สำนักงานเขตสายไหม,แผนงานบริหารการคลัง,งานบริหารการคลัง,ข,1,15436400
62,สำนักงานเขตสายไหม,แผนงานบริหารการคลัง,งานบริหารการจัดเก็บรายได้,ข,2,24350900
62,สำนักงานเขตสายไหม,แผนงานรักษาความสะอาด,งานบริหารการจัดเก็บรายได้,ค,2,24350900
62,สำนักงานเขตสายไหม,แผนงานรักษาความเป็นระเบียบเรียบร้อย,งานบริหารการจัดเก็บรายได้,ง,2,24350900
62,สำนักงานเขตสายไหม,แผนงานการโยธา,งานบริหารการจัดเก็บรายได้,จ,2,24350900
63,สำนักงานเขตคันนายาว,แผนงานบริหารงานปกครองและทะเบียน,งานปกครอง,ก,1,124680900
63,สำนักงานเขตคันนายาว,แผนงานบริหารงานปกครองและทะเบียน,งานทะเบียน,ก,2,29090200
63,สำนักงานเขตคันนายาว,แผนงานบริหารการคลัง,งานทะเบียน,ข,2,29090200
63,สำนักงานเขตคันนายาว,แผนงานบริหารการคลัง,งานบริหารการคลัง,ข,1,15840800
63,สำนักงานเขตคันนายาว,แผนงานบริหารการคลัง,งานบริหารการจัดเก็บรายได้,ข,2,24451700
63,สำนักงานเขตคันนายาว,แผนงานรักษาความสะอาด,งานบริหารการจัดเก็บรายได้,ค,2,24451700
63,สำนักงานเขตคันนายาว,แผนงานรักษาความเป็นระเบียบเรียบร้อย,งานบริหารการจัดเก็บรายได้,ง,2,24451700
63,สำนักงานเขตคันนายาว,แผนงานการโยธา,งานบริหารการจัดเก็บรายได้,จ,2,24451700
64,สำนักงานเขตสะพานสูง,แผนงานบริหารงานปกครองและทะเบียน,งานปกครอง,ก,1,115340000
64,สำนักงานเขตสะพานสูง,แผนงานบริหารงานปกครองและทะเบียน,งานทะเบียน,ก,2,27230900
64,สำนักงานเขตสะพานสูง,แผนงานบริหารการคลัง,งานทะเบียน,ข,2,27230900
64,สำนักงานเขตสะพานสูง,แผนงานบริหารการคลัง,งานบริหารการคลัง,ข,1,15095900
64,สำนักงานเขตสะพานสูง,แผนงานบริหารการคลัง,งานบริหารการจัดเก็บรายได้,ข,2,24339800
64,สำนักงานเขตสะพานสูง,แผนงานรักษาความสะอาด,งานบริหารการจัดเก็บรายได้,ค,2,24339800
64,สำนักงานเขตสะพานสูง,แผนงานรักษาความเป็นระเบียบเรียบร้อย,งานบริหารการจัดเก็บรายได้,ง,2,24339800
64,สำนักงานเขตสะพานสูง,แผนงานการโยธา,งานบริหารการจัดเก็บรายได้,จ,2,24339800
64,สำนักงานเขตสะพานสูง,แผนงานบริหารการศึกษา,งานบริหารการศึกษา,ญ,1,147733900
64,สำนักงานเขตสะพานสูง,แผนงานบริหารการศึกษา,โครงการก่อสร้างอาคาร คสล  ชั้น โรงเรียนสุเหร่าซีรอ (ราษฎร์สามัคคี),ญ,2,233281000
65,สำนักงานเขตวังทองหลาง,แผนงานบริหารการศึกษา,โครงการก่อสร้างอาคาร คสล  ชั้น โรงเรียนสุเหร่าซีรอ (ราษฎร์สามัคคี),ญ,2,233281000
65,สำนักงานเขตวังทองหลาง,แผนงานบริหารงานปกครองและทะเบียน,โครงการก่อสร้างอาคาร คสล  ชั้น โรงเรียนสุเหร่าซีรอ (ราษฎร์สามัคคี),ก,2,233281000
65,สำนักงานเขตวังทองหลาง,แผนงานบริหารงานปกครองและทะเบียน,งานปกครอง,ก,1,119635100
65,สำนักงานเขตวังทองหลาง,แผนงานบริหารงานปกครองและทะเบียน,งานทะเบียน,ก,2,26630900
65,สำนักงานเขตวังทองหลาง,แผนงานบริหารการคลัง,งานทะเบียน,ข,2,26630900
65,สำนักงานเขตวังทองหลาง,แผนงานบริหารการคลัง,งานบริหารการคลัง,ข,1,14771400
65,สำนักงานเขตวังทองหลาง,แผนงานบริหารการคลัง,งานบริหารการจัดเก็บรายได้,ข,2,24729400
65,สำนักงานเขตวังทองหลาง,แผนงานรักษาความสะอาด,งานบริหารการจัดเก็บรายได้,ค,2,24729400
65,สำนักงานเขตวังทองหลาง,แผนงานรักษาความเป็นระเบียบเรียบร้อย,งานบริหารการจัดเก็บรายได้,ง,2,24729400
65,สำนักงานเขตวังทองหลาง,แผนงานการโยธา,งานบริหารการจัดเก็บรายได้,จ,2,24729400
66,สำนักงานเขตคลองสามวา,แผนงานบริหารงานปกครองและทะเบียน,งานปกครอง,ก,1,118458300
66,สำนักงานเขตคลองสามวา,แผนงานบริหารงานปกครองและทะเบียน,งานทะเบียน,ก,2,27395000
66,สำนักงานเขตคลองสามวา,แผนงานบริหารการคลัง,งานทะเบียน,ข,2,27395000
66,สำนักงานเขตคลองสามวา,แผนงานบริหารการคลัง,งานบริหารการคลัง,ข,1,16200700
66,สำนักงานเขตคลองสามวา,แผนงานบริหารการคลัง,งานบริหารการจัดเก็บรายได้,ข,2,25611200
66,สำนักงานเขตคลองสามวา,แผนงานรักษาความสะอาด,งานบริหารการจัดเก็บรายได้,ค,2,25611200
66,สำนักงานเขตคลองสามวา,แผนงานรักษาความเป็นระเบียบเรียบร้อย,งานบริหารการจัดเก็บรายได้,ง,2,25611200
66,สำนักงานเขตคลองสามวา,แผนงานการโยธา,งานบริหารการจัดเก็บรายได้,จ,2,25611200
66,สำนักงานเขตคลองสามวา,แผนงานบริหารการศึกษา,งานบริหารการศึกษา,ญ,1,1144533400
66,สำนักงานเขตคลองสามวา,แผนงานบริหารการศึกษา,โครงการก่อสร้างอาคารเรียน  ชั้น,ญ,2,255000000
67,โรงเรียนวัดลำกะดาน สำนักงานเขตบางนา,แผนงานบริหารการศึกษา,โครงการก่อสร้างอาคารเรียน  ชั้น,ญ,2,255000000
67,โรงเรียนวัดลำกะดาน สำนักงานเขตบางนา,แผนงานบริหารงานปกครองและทะเบียน,โครงการก่อสร้างอาคารเรียน  ชั้น,ก,2,255000000
67,โรงเรียนวัดลำกะดาน สำนักงานเขตบางนา,แผนงานบริหารงานปกครองและทะเบียน,งานปกครอง,ก,1,118522800
67,โรงเรียนวัดลำกะดาน สำนักงานเขตบางนา,แผนงานบริหารงานปกครองและทะเบียน,งานทะเบียน,ก,2,26969600
67,โรงเรียนวัดลำกะดาน สำนักงานเขตบางนา,แผนงานบริหารการคลัง,งานทะเบียน,ข,2,26969600
67,โรงเรียนวัดลำกะดาน สำนักงานเขตบางนา,แผนงานบริหารการคลัง,งานบริหารการคลัง,ข,1,15061400
67,โรงเรียนวัดลำกะดาน สำนักงานเขตบางนา,แผนงานบริหารการคลัง,งานบริหารการจัดเก็บรายได้,ข,2,24716500
67,โรงเรียนวัดลำกะดาน สำนักงานเขตบางนา,แผนงานรักษาความสะอาด,งานบริหารการจัดเก็บรายได้,ค,2,24716500
67,โรงเรียนวัดลำกะดาน สำนักงานเขตบางนา,แผนงานรักษาความเป็นระเบียบเรียบร้อย,งานบริหารการจัดเก็บรายได้,ง,2,24716500
67,โรงเรียนวัดลำกะดาน สำนักงานเขตบางนา,แผนงานการโยธา,งานบริหารการจัดเก็บรายได้,จ,2,24716500
68,สำนักงานเขตทวีวัฒนา,แผนงานบริหารงานปกครองและทะเบียน,งานปกครอง,ก,1,117318300
68,สำนักงานเขตทวีวัฒนา,แผนงานบริหารงานปกครองและทะเบียน,งานทะเบียน,ก,2,27066000
68,สำนักงานเขตทวีวัฒนา,แผนงานบริหารการคลัง,งานทะเบียน,ข,2,27066000
68,สำนักงานเขตทวีวัฒนา,แผนงานบริหารการคลัง,งานบริหารการคลัง,ข,1,15253900
68,สำนักงานเขตทวีวัฒนา,แผนงานบริหารการคลัง,งานบริหารการจัดเก็บรายได้,ข,2,24764100
68,สำนักงานเขตทวีวัฒนา,แผนงานรักษาความสะอาด,งานบริหารการจัดเก็บรายได้,ค,2,24764100
68,สำนักงานเขตทวีวัฒนา,แผนงานรักษาความเป็นระเบียบเรียบร้อย,งานบริหารการจัดเก็บรายได้,ง,2,24764100
68,สำนักงานเขตทวีวัฒนา,แผนงานการโยธา,งานบริหารการจัดเก็บรายได้,จ,2,24764100
69,สำนักงานเขตทุ่งครุ,แผนงานบริหารงานปกครองและทะเบียน,งานปกครอง,ก,1,121728600
69,สำนักงานเขตทุ่งครุ,แผนงานบริหารงานปกครองและทะเบียน,งานทะเบียน,ก,2,26843300
69,สำนักงานเขตทุ่งครุ,แผนงานบริหารการคลัง,งานทะเบียน,ข,2,26843300
69,สำนักงานเขตทุ่งครุ,แผนงานบริหารการคลัง,งานบริหารการคลัง,ข,1,15727000
69,สำนักงานเขตทุ่งครุ,แผนงานบริหารการคลัง,งานบริหารการจัดเก็บรายได้,ข,2,24380700
69,สำนักงานเขตทุ่งครุ,แผนงานรักษาความสะอาด,งานบริหารการจัดเก็บรายได้,ค,2,24380700
69,สำนักงานเขตทุ่งครุ,แผนงานรักษาความเป็นระเบียบเรียบร้อย,งานบริหารการจัดเก็บรายได้,ง,2,24380700
69,สำนักงานเขตทุ่งครุ,แผนงานการโยธา,งานบริหารการจัดเก็บรายได้,จ,2,24380700
69,สำนักงานเขตทุ่งครุ,แผนงานการโยธา,งานการโยธา,จ,1,192811600
69,สำนักงานเขตทุ่งครุ,แผนงานการโยธา,โครงการก่อสร้างอาคารอเนกประสงค์  ชั้น โรงเรียนราษฎร์บูรณะ (มูฮำหมัดอุทิศ)สำนักงานเขตทุ่งครุ,จ,2,226084300
70,สำนักงานเขตบางบอน,แผนงานบริหารงานปกครองและทะเบียน,งานปกครอง,ก,1,117785200
70,สำนักงานเขตบางบอน,แผนงานบริหารงานปกครองและทะเบียน,งานทะเบียน,ก,2,26448700
70,สำนักงานเขตบางบอน,แผนงานบริหารการคลัง,งานทะเบียน,ข,2,26448700
70,สำนักงานเขตบางบอน,แผนงานบริหารการคลัง,งานบริหารการคลัง,ข,1,15578100
70,สำนักงานเขตบางบอน,แผนงานบริหารการคลัง,งานบริหารการจัดเก็บรายได้,ข,2,24971100
70,สำนักงานเขตบางบอน,แผนงานรักษาความสะอาด,งานบริหารการจัดเก็บรายได้,ค,2,24971100
70,สำนักงานเขตบางบอน,แผนงานรักษาความเป็นระเบียบเรียบร้อย,งานบริหารการจัดเก็บรายได้,ง,2,24971100
70,สำนักงานเขตบางบอน,แผนงานการโยธา,งานบริหารการจัดเก็บรายได้,จ,2,24971100
