หมายเลขงบ,ชื่องบ,จำนวนรวม,หมายเลขงบแผนงาน,แผนงาน,งบแผนงาน,เขต,province,zipcode,latitude,longitude
1,งบกลาง,14878887438,ก,เงินสำรองจ่ายท่ัวไป,486536500,,,,,
1,งบกลาง,14878887438,ข,เงินช่วยเหลือข้าราชการและลูกจ้าง,2700000000,,,,,
1,งบกลาง,14878887438,ค,เงินบำเหน็จลูกจ้าง,650000000,,,,,
1,งบกลาง,14878887438,ง,ค่าติดต้ังไฟฟ้าสาธารณะ,200000000,,,,,
1,งบกลาง,14878887438,จ,เงินสำรองสำหรับค่างาน ส่วนท่ีเพิ่มตามสัญญา แบบปรับราคาได้,20000000,,,,,
1,งบกลาง,14878887438,ช,ค่าใช้จ่ายเก่ียวกับภารกิจและ หรือนโยบายท่ีได้รับมอบจากรัฐบาล,4395109000,,,,,
1,งบกลาง,14878887438,ซ,เงินรางวัลและเงินช่วยเหลือสำหรับผลการปฏิบัติราชการประจำปี,2000000000,,,,,
1,งบกลาง,14878887438,ญ,เงินสำรองสำหรับภาระผูกพันท่ีค้างจ่ายตามกฎหมาย,1555873938,,,,,
1,งบกลาง,14878887438,ฎ,เงินช่วยค่าครองชีพผู้ได้รับบำนาญของกรุงเทพมหานคร,218000000,,,,,
1,งบกลาง,14878887438,ฏ,เงินสำรองสำหรับจ่ายเป็นเงินบำเหน็จบำนาญข้าราชการกรุงเทพมหานคร,2353368000,,,,,
2,สำนักงานเลขานุการสภากรุงเทพมหานคร,82258900,,รายจ่ายประจำ: งานบริหารท่ัวไป,82258900,,,,,
3,สำนักงานเลขานุการผู้ว่าราชการกรุงเทพมหานคร,70920000,,รายจ่ายประจำ: งานบริหารท่ัวไป,70920000,,,,,
4,สำนักงานคณะกรรมการข้าราชการกรุงเทพมหานคร,199359000,,รายจ่ายประจำ: งานบริหารงานบุคคล,199359000,,,,,
5,สำนักปลัดกรุงเทพมหานคร,1252316900,,รายจ่ายประจำ,1252316900,,,,,
5,สำนักปลัดกรุงเทพมหานคร,1252316900,ก,แผนงานบริหารท่ัวไป,222688400,,,,,
5,สำนักปลัดกรุงเทพมหานคร,1252316900,ข,แผนงานบริหารงานปกครองและทะเบียน: งานปกครองและทะเบียน,302761800,,,,,
5,สำนักปลัดกรุงเทพมหานคร,1252316900,ค,แผนงานบริหารการคลัง: งานตรวจสอบภายใน,29591800,,,,,
5,สำนักปลัดกรุงเทพมหานคร,1252316900,ง,แผนงานบริหารงานบุคคล,160469500,,,,,
5,สำนักปลัดกรุงเทพมหานคร,1252316900,จ,แผนงานส่งเสริมระบบบริหาร,536805400,,,,,
6,สำนักการแพทย์,4124634800,,รายจ่ายประจำ,4124634800,,,,,
6,สำนักการแพทย์,4124634800,ก,แผนงานบริหารท่ัวไป: งานบริหารท่ัวไปด้านการสาธารณสุข,99145300,,,,,
6,สำนักการแพทย์,4124634800,ข,แผนงานบริการด้านการแพทย์,4008758600,,,,,
6,สำนักการแพทย์,4124634800,ค,แผนงานพัฒนาด้านการแพทย์และอนามัย: งานพัฒนาระบบบริการทางการแพทย์,16730900,,,,,
7,สำนักอนามัย,2474279800,,รายจ่ายประจำ,2474279800,,,,,
7,สำนักอนามัย,2474279800,ก,แผนงานบริหารท่ัวไป,85100100,,,,,
7,สำนักอนามัย,2474279800,ข,แผนงานอนามัยส่ิงแวดล้อม,64194500,,,,,
7,สำนักอนามัย,2474279800,ค,แผนงานอนามัย,2324985200,,,,,
8,สำนักการศึกษา,1241703800,,รายจ่ายประจำ,1241703800,,,,,
8,สำนักการศึกษา,1241703800,ก,แผนงานบริหารท่ัวไป,511645100,,,,,
8,สำนักการศึกษา,1241703800,ข,แผนงานพัฒนาคุณภาพการศึกษา,730058700,,,,,
9,สำนักการโยธา,9229858000,,รายจ่ายประจำ,9229858000,,,,,
9,สำนักการโยธา,9229858000,ก,แผนงานบริหารท่ัวไป,134049980,,,,,
9,สำนักการโยธา,9229858000,ข,แผนงานการโยธา,7504680720,,,,,
9,สำนักการโยธา,9229858000,,ถนนหน้าพระลาน,8000000,,,,,
9,สำนักการโยธา,9229858000,ค,แผนงานพัฒนาการโยธาและระบบจราจร,1591127300,,,,,
10,สำนักการระบายน้ำ,8213452000,,รายจ่ายประจำ,8213452000,,,,,
10,สำนักการระบายน้ำ,8213452000,ก,แผนงานบริหารท่ัวไป: งานบริหารท่ัวไปด้านการระบายน้ำ,37969359,,,,,
10,สำนักการระบายน้ำ,8213452000,ข,แผนงานพัฒนาระบบระบายน้ำ,2499271826,,,,,
10,สำนักการระบายน้ำ,8213452000,ค,แผนงานจัดการระบายน้ำและแก้ไขปัญหาน้ำท่วม,2765737870,,,,,
10,สำนักการระบายน้ำ,8213452000,ง,แผนงานจัดการคุณภาพน้ำ,2910472945,,,,,
10,สำนักการระบายน้ำ,8213452000,,ริมคลองแสนแสบช่วงถนนวิทยุ-คลองตัน เข้าโรงควบคุมคุณภาพน้ำดินแดง,160804000,,,,,
11,สำนักการคลัง,3606450400,,รายจ่ายประจำ,3606450400,,,,,
11,สำนักการคลัง,3606450400,ก,แผนงานบริหารท่ัวไป: งานบริหารท่ัวไป,21528800,,,,,
11,สำนักการคลัง,3606450400,ข,แผนงานบริหารการคลัง,3230030900,,,,,
11,สำนักการคลัง,3606450400,ค,แผนงานส่งเสริมระบบบริหาร,354890700,,,,,
12,สำนักเทศกิจ,184580000,,รายจ่ายประจำ,184580000,,,,,
12,สำนักเทศกิจ,184580000,ก,แผนงานบริหารท่ัวไป: งานบริหารท่ัวไปด้านการรักษาความสะอาด,40694400,,,,,
12,สำนักเทศกิจ,184580000,ข,แผนงานส่งเสริมระบบบริหาร: งานศูนย์วิทยุส่ือสารกรุงเทพมหานคร,27442200,,,,,
12,สำนักเทศกิจ,184580000,ค,แผนงานพัฒนาและส่งเสริม: งานนโยบายและแผนงาน,12513700,,,,,
12,สำนักเทศกิจ,184580000,ง,แผนงานรักษาความเป็นระเบียบเรียบร้อย,103929700,,,,,
13,สำนักการจราจรและขนส่ง,4327231000,,รายจ่ายประจำ,4327231000,,,,,
13,สำนักการจราจรและขนส่ง,4327231000,ก,แผนงานบริหารท่ัวไป: งานบริหารท่ัวไปด้านการโยธาและระบบจราจร,26537900,,,,,
13,สำนักการจราจรและขนส่ง,4327231000,ข,แผนงานพัฒนาการใช้ท่ีดินและระบบจราจร,4300693100,,,,,
13,สำนักการจราจรและขนส่ง,4327231000,,สายไฟฟ้าอากาศเป็นสายไฟฟ้าใต้ดินของการไฟฟ้านครหลวง บริเวณถนนรัชดาภิเษก - ถนนพระราม  และบริเวณถนนรัชดาภิเษก - ถนนอโศก,923119000,,,,,
13,สำนักการจราจรและขนส่ง,4327231000,,ต่อการเกิดอาชญากรรมในพื นท่ีกลุ่มกรุงเทพตะวันออก,12302200,,,,,
14,สำนักป้องกันและบรรเทาสาธารณภัย,424927020,,รายจ่ายประจำ,424927020,,,,,
14,สำนักป้องกันและบรรเทาสาธารณภัย,424927020,ก,แผนงานบริหารท่ัวไป: งานบริหารท่ัวไปด้านการพัฒนาและบริการสังคม,48956100,,,,,
14,สำนักป้องกันและบรรเทาสาธารณภัย,424927020,ข,แผนงานป้องกันและบรรเทาสาธารณภัย,375970920,,,,,
15,สำนักงบประมาณกรุงเทพมหานคร,103406000,,รายจ่ายประจำ,103406000,,,,,
15,สำนักงบประมาณกรุงเทพมหานคร,103406000,ก,แผนงานบริหารท่ัวไป: งานบริหารท่ัวไป,41802900,,,,,
15,สำนักงบประมาณกรุงเทพมหานคร,103406000,ข,แผนงานบริหารการคลัง: งานงบประมาณ,61603100,,,,,
16,สำนักยุทธศาสตร์และประเมินผล,706753000,,รายจ่ายประจำ,706753000,,,,,
16,สำนักยุทธศาสตร์และประเมินผล,706753000,ก,แผนงานบริหารท่ัวไป: งานบริหารท่ัวไป,17628300,,,,,
16,สำนักยุทธศาสตร์และประเมินผล,706753000,ข,แผนงานส่งเสริมระบบบริหาร,663090300,,,,,
16,สำนักยุทธศาสตร์และประเมินผล,706753000,ค,แผนงานพัฒนาการใช้ท่ีดินและระบบจราจร: งานสารสนเทศภูมิศาสตร์,26034400,,,,,
17,สำนักส่ิงแวดล้อม,7542229000,,รายจ่ายประจำ,7542229000,,,,,
17,สำนักส่ิงแวดล้อม,7542229000,ก,แผนงานบริหารท่ัวไป: งานบริหารท่ัวไปด้านการรักษาความสะอาด,75096550,,,,,
17,สำนักส่ิงแวดล้อม,7542229000,ข,แผนงานพัฒนาและส่งเสริม,53280813,,,,,
17,สำนักส่ิงแวดล้อม,7542229000,ค,แผนงานรักษาความสะอาด,5955074487,,,,,
17,สำนักส่ิงแวดล้อม,7542229000,,อย่างถูกสุขลักษณะ,587193800,,,,,
17,สำนักส่ิงแวดล้อม,7542229000,,อย่างถูกหลักสุขาภิบาล,1000000,,,,,
17,สำนักส่ิงแวดล้อม,7542229000,ง,แผนงานพัฒนาสภาวะส่ิงแวดล้อม,1458777150,,,,,
18,สำนักวัฒนธรรม กีฬาและการท่องเท่ียว,1397374600,,รายจ่ายประจำ,1397374600,,,,,
18,สำนักวัฒนธรรม กีฬาและการท่องเท่ียว,1397374600,ก,แผนงานบริหารท่ัวไป: งานบริหารท่ัวไปด้านการพัฒนาและบริการสังคม,70225400,,,,,
18,สำนักวัฒนธรรม กีฬาและการท่องเท่ียว,1397374600,ข,แผนงานบริการสังคม,681076700,,,,,
18,สำนักวัฒนธรรม กีฬาและการท่องเท่ียว,1397374600,ค,แผนงานการท่องเท่ียว: งานวัฒนธรรมและการท่องเท่ียว,81099400,,,,,
18,สำนักวัฒนธรรม กีฬาและการท่องเท่ียว,1397374600,ง,แผนงานการกีฬา,564973100,,,,,
19,สำนักพัฒนาสังคม,424785000,,รายจ่ายประจำ,424785000,,,,,
19,สำนักพัฒนาสังคม,424785000,ก,แผนงานบริหารท่ัวไป: งานบริหารท่ัวไปด้านการพัฒนาและบริการสังคม,22941600,,,,,
19,สำนักพัฒนาสังคม,424785000,ข,แผนงานบริการสังคม: งานสวัสดิการสังคม,66178000,,,,,
19,สำนักพัฒนาสังคม,424785000,ค,แผนงานพัฒนาชุมชน,80444700,,,,,
19,สำนักพัฒนาสังคม,424785000,ง,แผนงานส่งเสริมอาชีพ,255220700,,,,,
20,สำนักการวางผังและพัฒนาเมือง,316341000,,รายจ่ายประจำ,316341000,,,,,
20,สำนักการวางผังและพัฒนาเมือง,316341000,ก,แผนงานบริหารท่ัวไป: งานบริหารท่ัวไปด้านการโยธาและระบบจราจร,25886500,,,,,
20,สำนักการวางผังและพัฒนาเมือง,316341000,ข,แผนงานพัฒนาการใช้ท่ีดินและระบบจราจร,290454500,,,,,
21,สำนักงานเขตพระนคร,412864000,,รายจ่ายประจำ,412864000,พระนคร,กรุงเทพมหานคร,10200.0,13.751,100.492
21,สำนักงานเขตพระนคร,412864000,ก,แผนงานบริหารงานปกครองและทะเบียน,26040000,พระนคร,กรุงเทพมหานคร,10200.0,13.751,100.492
21,สำนักงานเขตพระนคร,412864000,ข,แผนงานบริหารการคลัง,10676100,พระนคร,กรุงเทพมหานคร,10200.0,13.751,100.492
21,สำนักงานเขตพระนคร,412864000,ค,แผนงานรักษาความสะอาด: งานรักษาความสะอาด,192224300,พระนคร,กรุงเทพมหานคร,10200.0,13.751,100.492
21,สำนักงานเขตพระนคร,412864000,ง,แผนงานรักษาความเป็นระเบียบเรียบร้อย: งานบริหารและบังคับการเทศกิจ,73902900,พระนคร,กรุงเทพมหานคร,10200.0,13.751,100.492
21,สำนักงานเขตพระนคร,412864000,จ,แผนงานการโยธา: งานการโยธา,13901000,พระนคร,กรุงเทพมหานคร,10200.0,13.751,100.492
21,สำนักงานเขตพระนคร,412864000,,งานการระบายน้ำและแก้ไขปัญหาน้ำท่วม,8121900,พระนคร,กรุงเทพมหานคร,10200.0,13.751,100.492
21,สำนักงานเขตพระนคร,412864000,ช,แผนงานพัฒนาสภาวะส่ิงแวดล้อม: งานปลูกและบำรุงรักษาต้นไม้,26083100,พระนคร,กรุงเทพมหานคร,10200.0,13.751,100.492
21,สำนักงานเขตพระนคร,412864000,ซ,แผนงานพัฒนาชุมชน: งานพัฒนาชุมชน,11621000,พระนคร,กรุงเทพมหานคร,10200.0,13.751,100.492
21,สำนักงานเขตพระนคร,412864000,,งานควบคุมอนามัย,6791400,พระนคร,กรุงเทพมหานคร,10200.0,13.751,100.492
21,สำนักงานเขตพระนคร,412864000,ญ,แผนงานบริหารการศึกษา: งานบริหารการศึกษา,43502300,พระนคร,กรุงเทพมหานคร,10200.0,13.751,100.492
22,สำนักงานเขตป้อมปราบศัตรูพ่าย,252196000,,รายจ่ายประจำ,252196000,ป้อมปราบศัตรูพ่าย,กรุงเทพมหานคร,10100.0,13.743,100.514
22,สำนักงานเขตป้อมปราบศัตรูพ่าย,252196000,ก,แผนงานบริหารงานปกครองและทะเบียน,30211700,ป้อมปราบศัตรูพ่าย,กรุงเทพมหานคร,10100.0,13.743,100.514
22,สำนักงานเขตป้อมปราบศัตรูพ่าย,252196000,ข,แผนงานบริหารการคลัง,9054800,ป้อมปราบศัตรูพ่าย,กรุงเทพมหานคร,10100.0,13.743,100.514
22,สำนักงานเขตป้อมปราบศัตรูพ่าย,252196000,ค,แผนงานรักษาความสะอาด: งานรักษาความสะอาด,113250200,ป้อมปราบศัตรูพ่าย,กรุงเทพมหานคร,10100.0,13.743,100.514
22,สำนักงานเขตป้อมปราบศัตรูพ่าย,252196000,ง,แผนงานรักษาความเป็นระเบียบเรียบร้อย: งานบริหารและบังคับการเทศกิจ,28603000,ป้อมปราบศัตรูพ่าย,กรุงเทพมหานคร,10100.0,13.743,100.514
22,สำนักงานเขตป้อมปราบศัตรูพ่าย,252196000,จ,แผนงานการโยธา: งานการโยธา,13342100,ป้อมปราบศัตรูพ่าย,กรุงเทพมหานคร,10100.0,13.743,100.514
22,สำนักงานเขตป้อมปราบศัตรูพ่าย,252196000,,งานการระบายน้ำและแก้ไขปัญหาน้ำท่วม,5315100,ป้อมปราบศัตรูพ่าย,กรุงเทพมหานคร,10100.0,13.743,100.514
22,สำนักงานเขตป้อมปราบศัตรูพ่าย,252196000,ช,แผนงานพัฒนาสภาวะส่ิงแวดล้อม: งานปลูกและบำรุงรักษาต้นไม้,14131200,ป้อมปราบศัตรูพ่าย,กรุงเทพมหานคร,10100.0,13.743,100.514
22,สำนักงานเขตป้อมปราบศัตรูพ่าย,252196000,ซ,แผนงานพัฒนาชุมชน: งานพัฒนาชุมชน,13499900,ป้อมปราบศัตรูพ่าย,กรุงเทพมหานคร,10100.0,13.743,100.514
22,สำนักงานเขตป้อมปราบศัตรูพ่าย,252196000,,งานควบคุมอนามัย,6204100,ป้อมปราบศัตรูพ่าย,กรุงเทพมหานคร,10100.0,13.743,100.514
22,สำนักงานเขตป้อมปราบศัตรูพ่าย,252196000,ญ,แผนงานบริหารการศึกษา: งานบริหารการศึกษา,18583900,ป้อมปราบศัตรูพ่าย,กรุงเทพมหานคร,10100.0,13.743,100.514
23,สำนักงานเขตสัมพันธวงศ์,208176600,,รายจ่ายประจำ,208176600,สัมพันธวงศ์,กรุงเทพมหานคร,10100.0,13.741,100.50399999999999
23,สำนักงานเขตสัมพันธวงศ์,208176600,ก,แผนงานบริหารงานปกครองและทะเบียน,27048900,สัมพันธวงศ์,กรุงเทพมหานคร,10100.0,13.741,100.50399999999999
23,สำนักงานเขตสัมพันธวงศ์,208176600,ข,แผนงานบริหารการคลัง,10521800,สัมพันธวงศ์,กรุงเทพมหานคร,10100.0,13.741,100.50399999999999
23,สำนักงานเขตสัมพันธวงศ์,208176600,ค,แผนงานรักษาความสะอาด: งานรักษาความสะอาด,76505600,สัมพันธวงศ์,กรุงเทพมหานคร,10100.0,13.741,100.50399999999999
23,สำนักงานเขตสัมพันธวงศ์,208176600,ง,แผนงานรักษาความเป็นระเบียบเรียบร้อย: งานบริหารและบังคับการเทศกิจ,22271700,สัมพันธวงศ์,กรุงเทพมหานคร,10100.0,13.741,100.50399999999999
23,สำนักงานเขตสัมพันธวงศ์,208176600,จ,แผนงานการโยธา: งานการโยธา,20484200,สัมพันธวงศ์,กรุงเทพมหานคร,10100.0,13.741,100.50399999999999
23,สำนักงานเขตสัมพันธวงศ์,208176600,,งานการระบายน้ำและแก้ไขปัญหาน้ำท่วม,5733600,สัมพันธวงศ์,กรุงเทพมหานคร,10100.0,13.741,100.50399999999999
23,สำนักงานเขตสัมพันธวงศ์,208176600,ช,แผนงานพัฒนาสภาวะส่ิงแวดล้อม: งานปลูกและบำรุงรักษาต้นไม้,7788100,สัมพันธวงศ์,กรุงเทพมหานคร,10100.0,13.741,100.50399999999999
23,สำนักงานเขตสัมพันธวงศ์,208176600,ซ,แผนงานพัฒนาชุมชน: งานพัฒนาชุมชน,16113300,สัมพันธวงศ์,กรุงเทพมหานคร,10100.0,13.741,100.50399999999999
23,สำนักงานเขตสัมพันธวงศ์,208176600,,งานควบคุมอนามัย,4806100,สัมพันธวงศ์,กรุงเทพมหานคร,10100.0,13.741,100.50399999999999
23,สำนักงานเขตสัมพันธวงศ์,208176600,ญ,แผนงานบริหารการศึกษา,16903300,สัมพันธวงศ์,กรุงเทพมหานคร,10100.0,13.741,100.50399999999999
24,สำนักงานเขตบางรัก,246445000,,รายจ่ายประจำ,246445000,บางรัก,กรุงเทพมหานคร,10500.0,13.734000000000002,100.52
24,สำนักงานเขตบางรัก,246445000,ก,แผนงานบริหารงานปกครองและทะเบียน,22322100,บางรัก,กรุงเทพมหานคร,10500.0,13.734000000000002,100.52
24,สำนักงานเขตบางรัก,246445000,ข,แผนงานบริหารการคลัง,11550600,บางรัก,กรุงเทพมหานคร,10500.0,13.734000000000002,100.52
24,สำนักงานเขตบางรัก,246445000,ค,แผนงานรักษาความสะอาด: งานรักษาความสะอาด,113844780,บางรัก,กรุงเทพมหานคร,10500.0,13.734000000000002,100.52
24,สำนักงานเขตบางรัก,246445000,ง,แผนงานรักษาความเป็นระเบียบเรียบร้อย: งานบริหารและบังคับการเทศกิจ,21961000,บางรัก,กรุงเทพมหานคร,10500.0,13.734000000000002,100.52
24,สำนักงานเขตบางรัก,246445000,จ,แผนงานการโยธา: งานการโยธา,19772600,บางรัก,กรุงเทพมหานคร,10500.0,13.734000000000002,100.52
24,สำนักงานเขตบางรัก,246445000,,งานการระบายน้ำและแก้ไขปัญหาน้ำท่วม,7340800,บางรัก,กรุงเทพมหานคร,10500.0,13.734000000000002,100.52
24,สำนักงานเขตบางรัก,246445000,ช,แผนงานพัฒนาสภาวะส่ิงแวดล้อม: งานปลูกและบำรุงรักษาต้นไม้,12075400,บางรัก,กรุงเทพมหานคร,10500.0,13.734000000000002,100.52
24,สำนักงานเขตบางรัก,246445000,ซ,แผนงานพัฒนาชุมชน: งานพัฒนาชุมชน,14167800,บางรัก,กรุงเทพมหานคร,10500.0,13.734000000000002,100.52
24,สำนักงานเขตบางรัก,246445000,,งานควบคุมอนามัย,5263800,บางรัก,กรุงเทพมหานคร,10500.0,13.734000000000002,100.52
24,สำนักงานเขตบางรัก,246445000,ญ,แผนงานบริหารการศึกษา: งานบริหารการศึกษา,18146120,บางรัก,กรุงเทพมหานคร,10500.0,13.734000000000002,100.52
25,สำนักงานเขตปทุมวัน,354141000,,รายจ่ายประจำ,354141000,ปทุมวัน,กรุงเทพมหานคร,10330.0,13.744000000000002,100.52
25,สำนักงานเขตปทุมวัน,354141000,ก,แผนงานบริหารงานปกครองและทะเบียน,38812200,ปทุมวัน,กรุงเทพมหานคร,10330.0,13.744000000000002,100.52
25,สำนักงานเขตปทุมวัน,354141000,ข,แผนงานบริหารการคลัง,9623900,ปทุมวัน,กรุงเทพมหานคร,10330.0,13.744000000000002,100.52
25,สำนักงานเขตปทุมวัน,354141000,ค,แผนงานรักษาความสะอาด: งานรักษาความสะอาด,150362600,ปทุมวัน,กรุงเทพมหานคร,10330.0,13.744000000000002,100.52
25,สำนักงานเขตปทุมวัน,354141000,ง,แผนงานรักษาความเป็นระเบียบเรียบร้อย: งานบริหารและบังคับการเทศกิจ,24010200,ปทุมวัน,กรุงเทพมหานคร,10330.0,13.744000000000002,100.52
25,สำนักงานเขตปทุมวัน,354141000,จ,แผนงานการโยธา: งานการโยธา,23082000,ปทุมวัน,กรุงเทพมหานคร,10330.0,13.744000000000002,100.52
25,สำนักงานเขตปทุมวัน,354141000,,งานการระบายน้ำและแก้ไขปัญหาน้ำท่วม,5831400,ปทุมวัน,กรุงเทพมหานคร,10330.0,13.744000000000002,100.52
25,สำนักงานเขตปทุมวัน,354141000,ช,แผนงานพัฒนาสภาวะส่ิงแวดล้อม: งานปลูกและบำรุงรักษาต้นไม้,19880700,ปทุมวัน,กรุงเทพมหานคร,10330.0,13.744000000000002,100.52
25,สำนักงานเขตปทุมวัน,354141000,ซ,แผนงานพัฒนาชุมชน: งานพัฒนาชุมชน,26464000,ปทุมวัน,กรุงเทพมหานคร,10330.0,13.744000000000002,100.52
25,สำนักงานเขตปทุมวัน,354141000,,งานควบคุมอนามัย,5735000,ปทุมวัน,กรุงเทพมหานคร,10330.0,13.744000000000002,100.52
25,สำนักงานเขตปทุมวัน,354141000,ญ,แผนงานบริหารการศึกษา,50339000,ปทุมวัน,กรุงเทพมหานคร,10330.0,13.744000000000002,100.52
26,สำนักงานเขตยานนาวา,310196614,,รายจ่ายประจำ,310196614,ยานนาวา,กรุงเทพมหานคร,10120.0,13.682,100.53299999999999
26,สำนักงานเขตยานนาวา,310196614,ก,แผนงานบริหารงานปกครองและทะเบียน,27628700,ยานนาวา,กรุงเทพมหานคร,10120.0,13.682,100.53299999999999
26,สำนักงานเขตยานนาวา,310196614,ข,แผนงานบริหารการคลัง,10636875,ยานนาวา,กรุงเทพมหานคร,10120.0,13.682,100.53299999999999
26,สำนักงานเขตยานนาวา,310196614,ค,แผนงานรักษาความสะอาด: งานรักษาความสะอาด,130687300,ยานนาวา,กรุงเทพมหานคร,10120.0,13.682,100.53299999999999
26,สำนักงานเขตยานนาวา,310196614,ง,แผนงานรักษาความเป็นระเบียบเรียบร้อย: งานบริหารและบังคับการเทศกิจ,13696300,ยานนาวา,กรุงเทพมหานคร,10120.0,13.682,100.53299999999999
26,สำนักงานเขตยานนาวา,310196614,จ,แผนงานการโยธา: งานการโยธา,12713000,ยานนาวา,กรุงเทพมหานคร,10120.0,13.682,100.53299999999999
26,สำนักงานเขตยานนาวา,310196614,ช,แผนงานพัฒนาสภาวะส่ิงแวดล้อม: งานปลูกและบำรุงรักษาต้นไม้,20063000,ยานนาวา,กรุงเทพมหานคร,10120.0,13.682,100.53299999999999
26,สำนักงานเขตยานนาวา,310196614,ซ,แผนงานพัฒนาชุมชน: งานพัฒนาชุมชน,19715600,ยานนาวา,กรุงเทพมหานคร,10120.0,13.682,100.53299999999999
26,สำนักงานเขตยานนาวา,310196614,,งานควบคุมอนามัย,5277485,ยานนาวา,กรุงเทพมหานคร,10120.0,13.682,100.53299999999999
26,สำนักงานเขตยานนาวา,310196614,ญ,แผนงานบริหารการศึกษา: งานบริหารการศึกษา,35796700,ยานนาวา,กรุงเทพมหานคร,10120.0,13.682,100.53299999999999
27,สำนักงานเขตดุสิต,401245000,,รายจ่ายประจำ,401245000,ดุสิต,กรุงเทพมหานคร,10300.0,13.772,100.51299999999999
27,สำนักงานเขตดุสิต,401245000,ก,แผนงานบริหารงานปกครองและทะเบียน,44663100,ดุสิต,กรุงเทพมหานคร,10300.0,13.772,100.51299999999999
27,สำนักงานเขตดุสิต,401245000,ข,แผนงานบริหารการคลัง,11408200,ดุสิต,กรุงเทพมหานคร,10300.0,13.772,100.51299999999999
27,สำนักงานเขตดุสิต,401245000,ค,แผนงานรักษาความสะอาด: งานรักษาความสะอาด,173520000,ดุสิต,กรุงเทพมหานคร,10300.0,13.772,100.51299999999999
27,สำนักงานเขตดุสิต,401245000,ง,แผนงานรักษาความเป็นระเบียบเรียบร้อย: งานบริหารและบังคับการเทศกิจ,32906800,ดุสิต,กรุงเทพมหานคร,10300.0,13.772,100.51299999999999
27,สำนักงานเขตดุสิต,401245000,จ,แผนงานการโยธา: งานการโยธา,13398600,ดุสิต,กรุงเทพมหานคร,10300.0,13.772,100.51299999999999
27,สำนักงานเขตดุสิต,401245000,,งานการระบายน้ำและแก้ไขปัญหาน้ำท่วม,15364700,ดุสิต,กรุงเทพมหานคร,10300.0,13.772,100.51299999999999
27,สำนักงานเขตดุสิต,401245000,ช,แผนงานพัฒนาสภาวะส่ิงแวดล้อม: งานปลูกและบำรุงรักษาต้นไม้,22129400,ดุสิต,กรุงเทพมหานคร,10300.0,13.772,100.51299999999999
27,สำนักงานเขตดุสิต,401245000,ซ,แผนงานพัฒนาชุมชน: งานพัฒนาชุมชน,24394700,ดุสิต,กรุงเทพมหานคร,10300.0,13.772,100.51299999999999
27,สำนักงานเขตดุสิต,401245000,,งานควบคุมอนามัย,6467800,ดุสิต,กรุงเทพมหานคร,10300.0,13.772,100.51299999999999
27,สำนักงานเขตดุสิต,401245000,ญ,แผนงานบริหารการศึกษา: งานบริหารการศึกษา,56991700,ดุสิต,กรุงเทพมหานคร,10300.0,13.772,100.51299999999999
28,สำนักงานเขตพญาไท,335172500,,รายจ่ายประจำ,335172500,พญาไท,กรุงเทพมหานคร,10400.0,13.782,100.545
28,สำนักงานเขตพญาไท,335172500,ก,แผนงานบริหารงานปกครองและทะเบียน,35574800,พญาไท,กรุงเทพมหานคร,10400.0,13.782,100.545
28,สำนักงานเขตพญาไท,335172500,ข,แผนงานบริหารการคลัง,10959000,พญาไท,กรุงเทพมหานคร,10400.0,13.782,100.545
28,สำนักงานเขตพญาไท,335172500,ค,แผนงานรักษาความสะอาด: งานรักษาความสะอาด,144999500,พญาไท,กรุงเทพมหานคร,10400.0,13.782,100.545
28,สำนักงานเขตพญาไท,335172500,ง,แผนงานรักษาความเป็นระเบียบเรียบร้อย: งานบริหารและบังคับการเทศกิจ,21563500,พญาไท,กรุงเทพมหานคร,10400.0,13.782,100.545
28,สำนักงานเขตพญาไท,335172500,จ,แผนงานการโยธา: งานการโยธา,35281700,พญาไท,กรุงเทพมหานคร,10400.0,13.782,100.545
28,สำนักงานเขตพญาไท,335172500,,งานการระบายน้ำและแก้ไขปัญหาน้ำท่วม,17801600,พญาไท,กรุงเทพมหานคร,10400.0,13.782,100.545
28,สำนักงานเขตพญาไท,335172500,ช,แผนงานพัฒนาสภาวะส่ิงแวดล้อม: งานปลูกและบำรุงรักษาต้นไม้,22853500,พญาไท,กรุงเทพมหานคร,10400.0,13.782,100.545
28,สำนักงานเขตพญาไท,335172500,ซ,แผนงานพัฒนาชุมชน: งานพัฒนาชุมชน,25509100,พญาไท,กรุงเทพมหานคร,10400.0,13.782,100.545
28,สำนักงานเขตพญาไท,335172500,,งานควบคุมอนามัย,6001400,พญาไท,กรุงเทพมหานคร,10400.0,13.782,100.545
28,สำนักงานเขตพญาไท,335172500,ญ,แผนงานบริหารการศึกษา: งานบริหารการศึกษา,14628400,พญาไท,กรุงเทพมหานคร,10400.0,13.782,100.545
29,สำนักงานเขตห้วยขวาง,352262000,,รายจ่ายประจำ,352262000,ห้วยขวาง,กรุงเทพมหานคร,10310.0,13.769,100.57700000000001
29,สำนักงานเขตห้วยขวาง,352262000,ก,แผนงานบริหารงานปกครองและทะเบียน,29403800,ห้วยขวาง,กรุงเทพมหานคร,10310.0,13.769,100.57700000000001
29,สำนักงานเขตห้วยขวาง,352262000,ข,แผนงานบริหารการคลัง,12503600,ห้วยขวาง,กรุงเทพมหานคร,10310.0,13.769,100.57700000000001
29,สำนักงานเขตห้วยขวาง,352262000,ค,แผนงานรักษาความสะอาด: งานรักษาความสะอาด,141522600,ห้วยขวาง,กรุงเทพมหานคร,10310.0,13.769,100.57700000000001
29,สำนักงานเขตห้วยขวาง,352262000,ง,แผนงานรักษาความเป็นระเบียบเรียบร้อย: งานบริหารและบังคับการเทศกิจ,17420700,ห้วยขวาง,กรุงเทพมหานคร,10310.0,13.769,100.57700000000001
29,สำนักงานเขตห้วยขวาง,352262000,จ,แผนงานการโยธา: งานการโยธา,44650400,ห้วยขวาง,กรุงเทพมหานคร,10310.0,13.769,100.57700000000001
29,สำนักงานเขตห้วยขวาง,352262000,,งานการระบายน้ำและแก้ไขปัญหาน้ำท่วม,17800800,ห้วยขวาง,กรุงเทพมหานคร,10310.0,13.769,100.57700000000001
29,สำนักงานเขตห้วยขวาง,352262000,ช,แผนงานพัฒนาสภาวะส่ิงแวดล้อม: งานปลูกและบำรุงรักษาต้นไม้,27137400,ห้วยขวาง,กรุงเทพมหานคร,10310.0,13.769,100.57700000000001
29,สำนักงานเขตห้วยขวาง,352262000,ซ,แผนงานพัฒนาชุมชน: งานพัฒนาชุมชน,19820300,ห้วยขวาง,กรุงเทพมหานคร,10310.0,13.769,100.57700000000001
29,สำนักงานเขตห้วยขวาง,352262000,,งานควบคุมอนามัย,6976600,ห้วยขวาง,กรุงเทพมหานคร,10310.0,13.769,100.57700000000001
29,สำนักงานเขตห้วยขวาง,352262000,ญ,แผนงานบริหารการศึกษา: งานบริหารการศึกษา,35025800,ห้วยขวาง,กรุงเทพมหานคร,10310.0,13.769,100.57700000000001
30,สำนักงานเขตพระโขนง,281172800,,รายจ่ายประจำ,281172800,พระโขนง,กรุงเทพมหานคร,10260.0,13.692,100.626
30,สำนักงานเขตพระโขนง,281172800,ก,แผนงานบริหารงานปกครองและทะเบียน,25858200,พระโขนง,กรุงเทพมหานคร,10260.0,13.692,100.626
30,สำนักงานเขตพระโขนง,281172800,ข,แผนงานบริหารการคลัง,9878500,พระโขนง,กรุงเทพมหานคร,10260.0,13.692,100.626
30,สำนักงานเขตพระโขนง,281172800,ค,แผนงานรักษาความสะอาด: งานรักษาความสะอาด,96871000,พระโขนง,กรุงเทพมหานคร,10260.0,13.692,100.626
30,สำนักงานเขตพระโขนง,281172800,ง,แผนงานรักษาความเป็นระเบียบเรียบร้อย: งานบริหารและบังคับการเทศกิจ,12435300,พระโขนง,กรุงเทพมหานคร,10260.0,13.692,100.626
30,สำนักงานเขตพระโขนง,281172800,จ,แผนงานการโยธา: งานการโยธา,20711900,พระโขนง,กรุงเทพมหานคร,10260.0,13.692,100.626
30,สำนักงานเขตพระโขนง,281172800,ช,แผนงานพัฒนาสภาวะส่ิงแวดล้อม: งานปลูกและบำรุงรักษาต้นไม้,19442100,พระโขนง,กรุงเทพมหานคร,10260.0,13.692,100.626
30,สำนักงานเขตพระโขนง,281172800,ซ,แผนงานพัฒนาชุมชน: งานพัฒนาชุมชน,26240700,พระโขนง,กรุงเทพมหานคร,10260.0,13.692,100.626
30,สำนักงานเขตพระโขนง,281172800,,งานควบคุมอนามัย,5749300,พระโขนง,กรุงเทพมหานคร,10260.0,13.692,100.626
30,สำนักงานเขตพระโขนง,281172800,ญ,แผนงานบริหารการศึกษา: งานบริหารการศึกษา,27036500,พระโขนง,กรุงเทพมหานคร,10260.0,13.692,100.626
31,สำนักงานเขตบางกะปิ,524131000,,รายจ่ายประจำ,524131000,บางกะปิ,กรุงเทพมหานคร,10240.0,13.786,100.635
31,สำนักงานเขตบางกะปิ,524131000,ก,แผนงานบริหารงานปกครองและทะเบียน,29521600,บางกะปิ,กรุงเทพมหานคร,10240.0,13.786,100.635
31,สำนักงานเขตบางกะปิ,524131000,ข,แผนงานบริหารการคลัง,10745500,บางกะปิ,กรุงเทพมหานคร,10240.0,13.786,100.635
31,สำนักงานเขตบางกะปิ,524131000,ค,แผนงานรักษาความสะอาด: งานรักษาความสะอาด,165515700,บางกะปิ,กรุงเทพมหานคร,10240.0,13.786,100.635
31,สำนักงานเขตบางกะปิ,524131000,ง,แผนงานรักษาความเป็นระเบียบเรียบร้อย: งานบริหารและบังคับการเทศกิจ,20357700,บางกะปิ,กรุงเทพมหานคร,10240.0,13.786,100.635
31,สำนักงานเขตบางกะปิ,524131000,จ,แผนงานการโยธา,91994600,บางกะปิ,กรุงเทพมหานคร,10240.0,13.786,100.635
31,สำนักงานเขตบางกะปิ,524131000,,งานการระบายน้ำและแก้ไขปัญหาน้ำท่วม,16877900,บางกะปิ,กรุงเทพมหานคร,10240.0,13.786,100.635
31,สำนักงานเขตบางกะปิ,524131000,ช,แผนงานพัฒนาสภาวะส่ิงแวดล้อม: งานปลูกและบำรุงรักษาต้นไม้,28716000,บางกะปิ,กรุงเทพมหานคร,10240.0,13.786,100.635
31,สำนักงานเขตบางกะปิ,524131000,ซ,แผนงานพัฒนาชุมชน: งานพัฒนาชุมชน,33836900,บางกะปิ,กรุงเทพมหานคร,10240.0,13.786,100.635
31,สำนักงานเขตบางกะปิ,524131000,,งานควบคุมอนามัย,7697000,บางกะปิ,กรุงเทพมหานคร,10240.0,13.786,100.635
31,สำนักงานเขตบางกะปิ,524131000,ญ,แผนงานบริหารการศึกษา,118868100,บางกะปิ,กรุงเทพมหานคร,10240.0,13.786,100.635
32,สำนักงานเขตบางเขน,421948600,,รายจ่ายประจำ,421948600,บางเขน,กรุงเทพมหานคร,10220.0,13.868,100.60600000000001
32,สำนักงานเขตบางเขน,421948600,ก,แผนงานบริหารงานปกครองและทะเบียน,33297700,บางเขน,กรุงเทพมหานคร,10220.0,13.868,100.60600000000001
32,สำนักงานเขตบางเขน,421948600,ข,แผนงานบริหารการคลัง,12320000,บางเขน,กรุงเทพมหานคร,10220.0,13.868,100.60600000000001
32,สำนักงานเขตบางเขน,421948600,ค,แผนงานรักษาความสะอาด: งานรักษาความสะอาด,137771300,บางเขน,กรุงเทพมหานคร,10220.0,13.868,100.60600000000001
32,สำนักงานเขตบางเขน,421948600,ง,แผนงานรักษาความเป็นระเบียบเรียบร้อย: งานบริหารและบังคับการเทศกิจ,17262900,บางเขน,กรุงเทพมหานคร,10220.0,13.868,100.60600000000001
32,สำนักงานเขตบางเขน,421948600,จ,แผนงานการโยธา: งานการโยธา,83058900,บางเขน,กรุงเทพมหานคร,10220.0,13.868,100.60600000000001
32,สำนักงานเขตบางเขน,421948600,,งานการระบายน้ำและแก้ไขปัญหาน้ำท่วม,23986400,บางเขน,กรุงเทพมหานคร,10220.0,13.868,100.60600000000001
32,สำนักงานเขตบางเขน,421948600,ช,แผนงานพัฒนาสภาวะส่ิงแวดล้อม: งานปลูกและบำรุงรักษาต้นไม้,25472300,บางเขน,กรุงเทพมหานคร,10220.0,13.868,100.60600000000001
32,สำนักงานเขตบางเขน,421948600,ซ,แผนงานพัฒนาชุมชน: งานพัฒนาชุมชน,26576500,บางเขน,กรุงเทพมหานคร,10220.0,13.868,100.60600000000001
32,สำนักงานเขตบางเขน,421948600,,งานควบคุมอนามัย,7696000,บางเขน,กรุงเทพมหานคร,10220.0,13.868,100.60600000000001
32,สำนักงานเขตบางเขน,421948600,ญ,แผนงานบริหารการศึกษา: งานบริหารการศึกษา,54506600,บางเขน,กรุงเทพมหานคร,10220.0,13.868,100.60600000000001
33,สำนักงานเขตมีนบุรี,509962100,,รายจ่ายประจำ,509962100,มีนบุรี,กรุงเทพมหานคร,10510.0,13.804,100.723
33,สำนักงานเขตมีนบุรี,509962100,ก,แผนงานบริหารงานปกครองและทะเบียน,28201300,มีนบุรี,กรุงเทพมหานคร,10510.0,13.804,100.723
33,สำนักงานเขตมีนบุรี,509962100,ข,แผนงานบริหารการคลัง,12148800,มีนบุรี,กรุงเทพมหานคร,10510.0,13.804,100.723
33,สำนักงานเขตมีนบุรี,509962100,ค,แผนงานรักษาความสะอาด: งานรักษาความสะอาด,112149700,มีนบุรี,กรุงเทพมหานคร,10510.0,13.804,100.723
33,สำนักงานเขตมีนบุรี,509962100,ง,แผนงานรักษาความเป็นระเบียบเรียบร้อย: งานบริหารและบังคับการเทศกิจ,16360100,มีนบุรี,กรุงเทพมหานคร,10510.0,13.804,100.723
33,สำนักงานเขตมีนบุรี,509962100,จ,แผนงานการโยธา,104579900,มีนบุรี,กรุงเทพมหานคร,10510.0,13.804,100.723
33,สำนักงานเขตมีนบุรี,509962100,,งานการระบายน้ำและแก้ไขปัญหาน้ำท่วม,25417400,มีนบุรี,กรุงเทพมหานคร,10510.0,13.804,100.723
33,สำนักงานเขตมีนบุรี,509962100,ช,แผนงานพัฒนาสภาวะส่ิงแวดล้อม: งานปลูกและบำรุงรักษาต้นไม้,28466000,มีนบุรี,กรุงเทพมหานคร,10510.0,13.804,100.723
33,สำนักงานเขตมีนบุรี,509962100,ซ,แผนงานพัฒนาชุมชน: งานพัฒนาชุมชน,67090700,มีนบุรี,กรุงเทพมหานคร,10510.0,13.804,100.723
33,สำนักงานเขตมีนบุรี,509962100,,งานควบคุมอนามัย,6085300,มีนบุรี,กรุงเทพมหานคร,10510.0,13.804,100.723
33,สำนักงานเขตมีนบุรี,509962100,ญ,แผนงานบริหารการศึกษา: งานบริหารการศึกษา,109462900,มีนบุรี,กรุงเทพมหานคร,10510.0,13.804,100.723
34,สำนักงานเขตลาดกระบัง,567466000,,รายจ่ายประจำ,567466000,ลาดกระบัง,กรุงเทพมหานคร,10520.0,13.722999999999999,100.771
34,สำนักงานเขตลาดกระบัง,567466000,ก,แผนงานบริหารงานปกครองและทะเบียน,29008300,ลาดกระบัง,กรุงเทพมหานคร,10520.0,13.722999999999999,100.771
34,สำนักงานเขตลาดกระบัง,567466000,ข,แผนงานบริหารการคลัง,12067600,ลาดกระบัง,กรุงเทพมหานคร,10520.0,13.722999999999999,100.771
34,สำนักงานเขตลาดกระบัง,567466000,ค,แผนงานรักษาความสะอาด: งานรักษาความสะอาด,163977300,ลาดกระบัง,กรุงเทพมหานคร,10520.0,13.722999999999999,100.771
34,สำนักงานเขตลาดกระบัง,567466000,ง,แผนงานรักษาความเป็นระเบียบเรียบร้อย: งานบริหารและบังคับการเทศกิจ,19817200,ลาดกระบัง,กรุงเทพมหานคร,10520.0,13.722999999999999,100.771
34,สำนักงานเขตลาดกระบัง,567466000,จ,แผนงานการโยธา: งานการโยธา,78123300,ลาดกระบัง,กรุงเทพมหานคร,10520.0,13.722999999999999,100.771
34,สำนักงานเขตลาดกระบัง,567466000,,งานการระบายน้ำและแก้ไขปัญหาน้ำท่วม,21658100,ลาดกระบัง,กรุงเทพมหานคร,10520.0,13.722999999999999,100.771
34,สำนักงานเขตลาดกระบัง,567466000,ช,แผนงานพัฒนาสภาวะส่ิงแวดล้อม: งานปลูกและบำรุงรักษาต้นไม้,39381200,ลาดกระบัง,กรุงเทพมหานคร,10520.0,13.722999999999999,100.771
34,สำนักงานเขตลาดกระบัง,567466000,ซ,แผนงานพัฒนาชุมชน: งานพัฒนาชุมชน,48549000,ลาดกระบัง,กรุงเทพมหานคร,10520.0,13.722999999999999,100.771
34,สำนักงานเขตลาดกระบัง,567466000,,งานควบคุมอนามัย,6006000,ลาดกระบัง,กรุงเทพมหานคร,10520.0,13.722999999999999,100.771
34,สำนักงานเขตลาดกระบัง,567466000,ญ,แผนงานบริหารการศึกษา: งานบริหารการศึกษา,148878000,ลาดกระบัง,กรุงเทพมหานคร,10520.0,13.722999999999999,100.771
35,สำนักงานเขตหนองจอก,589363000,,รายจ่ายประจำ,589363000,หนองจอก,กรุงเทพมหานคร,10530.0,13.823,100.897
35,สำนักงานเขตหนองจอก,589363000,ก,แผนงานบริหารงานปกครองและทะเบียน,32415100,หนองจอก,กรุงเทพมหานคร,10530.0,13.823,100.897
35,สำนักงานเขตหนองจอก,589363000,ข,แผนงานบริหารการคลัง,12414400,หนองจอก,กรุงเทพมหานคร,10530.0,13.823,100.897
35,สำนักงานเขตหนองจอก,589363000,ค,แผนงานรักษาความสะอาด: งานรักษาความสะอาด,93885700,หนองจอก,กรุงเทพมหานคร,10530.0,13.823,100.897
35,สำนักงานเขตหนองจอก,589363000,ง,แผนงานรักษาความเป็นระเบียบเรียบร้อย: งานบริหารและบังคับการเทศกิจ,19928900,หนองจอก,กรุงเทพมหานคร,10530.0,13.823,100.897
35,สำนักงานเขตหนองจอก,589363000,จ,แผนงานการโยธา: งานการโยธา,80592700,หนองจอก,กรุงเทพมหานคร,10530.0,13.823,100.897
35,สำนักงานเขตหนองจอก,589363000,,งานการระบายน้ำและแก้ไขปัญหาน้ำท่วม,19809400,หนองจอก,กรุงเทพมหานคร,10530.0,13.823,100.897
35,สำนักงานเขตหนองจอก,589363000,ช,แผนงานพัฒนาสภาวะส่ิงแวดล้อม: งานปลูกและบำรุงรักษาต้นไม้,36934800,หนองจอก,กรุงเทพมหานคร,10530.0,13.823,100.897
35,สำนักงานเขตหนองจอก,589363000,ซ,แผนงานพัฒนาชุมชน: งานพัฒนาชุมชน,72534800,หนองจอก,กรุงเทพมหานคร,10530.0,13.823,100.897
35,สำนักงานเขตหนองจอก,589363000,,งานควบคุมอนามัย,6397400,หนองจอก,กรุงเทพมหานคร,10530.0,13.823,100.897
35,สำนักงานเขตหนองจอก,589363000,ญ,แผนงานบริหารการศึกษา: งานบริหารการศึกษา,214449800,หนองจอก,กรุงเทพมหานคร,10530.0,13.823,100.897
36,สำนักงานเขตธนบุรี,397104900,,รายจ่ายประจำ,397104900,ธนบุรี,กรุงเทพมหานคร,10600.0,13.737,100.493
36,สำนักงานเขตธนบุรี,397104900,ก,แผนงานบริหารงานปกครองและทะเบียน,28360500,ธนบุรี,กรุงเทพมหานคร,10600.0,13.737,100.493
36,สำนักงานเขตธนบุรี,397104900,ข,แผนงานบริหารการคลัง,11562500,ธนบุรี,กรุงเทพมหานคร,10600.0,13.737,100.493
36,สำนักงานเขตธนบุรี,397104900,ค,แผนงานรักษาความสะอาด: งานรักษาความสะอาด,164214300,ธนบุรี,กรุงเทพมหานคร,10600.0,13.737,100.493
36,สำนักงานเขตธนบุรี,397104900,ง,แผนงานรักษาความเป็นระเบียบเรียบร้อย: งานบริหารและบังคับการเทศกิจ,22683900,ธนบุรี,กรุงเทพมหานคร,10600.0,13.737,100.493
36,สำนักงานเขตธนบุรี,397104900,จ,แผนงานการโยธา,29220600,ธนบุรี,กรุงเทพมหานคร,10600.0,13.737,100.493
36,สำนักงานเขตธนบุรี,397104900,,งานการระบายน้ำและแก้ไขปัญหาน้ำท่วม,21102100,ธนบุรี,กรุงเทพมหานคร,10600.0,13.737,100.493
36,สำนักงานเขตธนบุรี,397104900,ช,แผนงานพัฒนาสภาวะส่ิงแวดล้อม: งานปลูกและบำรุงรักษาต้นไม้,21314800,ธนบุรี,กรุงเทพมหานคร,10600.0,13.737,100.493
36,สำนักงานเขตธนบุรี,397104900,ซ,แผนงานพัฒนาชุมชน: งานพัฒนาชุมชน,20726200,ธนบุรี,กรุงเทพมหานคร,10600.0,13.737,100.493
36,สำนักงานเขตธนบุรี,397104900,,งานควบคุมอนามัย,5435900,ธนบุรี,กรุงเทพมหานคร,10600.0,13.737,100.493
36,สำนักงานเขตธนบุรี,397104900,ญ,แผนงานบริหารการศึกษา: งานบริหารการศึกษา,72484100,ธนบุรี,กรุงเทพมหานคร,10600.0,13.737,100.493
37,สำนักงานเขตคลองสาน,309402000,,รายจ่ายประจำ,309402000,คลองสาน,กรุงเทพมหานคร,10600.0,13.731,100.49700000000001
37,สำนักงานเขตคลองสาน,309402000,ก,แผนงานบริหารงานปกครองและทะเบียน,26849900,คลองสาน,กรุงเทพมหานคร,10600.0,13.731,100.49700000000001
37,สำนักงานเขตคลองสาน,309402000,ข,แผนงานบริหารการคลัง,10823700,คลองสาน,กรุงเทพมหานคร,10600.0,13.731,100.49700000000001
37,สำนักงานเขตคลองสาน,309402000,ค,แผนงานรักษาความสะอาด: งานรักษาความสะอาด,120720400,คลองสาน,กรุงเทพมหานคร,10600.0,13.731,100.49700000000001
37,สำนักงานเขตคลองสาน,309402000,ง,แผนงานรักษาความเป็นระเบียบเรียบร้อย: งานบริหารและบังคับการเทศกิจ,22063900,คลองสาน,กรุงเทพมหานคร,10600.0,13.731,100.49700000000001
37,สำนักงานเขตคลองสาน,309402000,จ,แผนงานการโยธา: งานการโยธา,20654300,คลองสาน,กรุงเทพมหานคร,10600.0,13.731,100.49700000000001
37,สำนักงานเขตคลองสาน,309402000,,งานการระบายน้ำและแก้ไขปัญหาน้ำท่วม,9481400,คลองสาน,กรุงเทพมหานคร,10600.0,13.731,100.49700000000001
37,สำนักงานเขตคลองสาน,309402000,ช,แผนงานพัฒนาสภาวะส่ิงแวดล้อม: งานปลูกและบำรุงรักษาต้นไม้,20835500,คลองสาน,กรุงเทพมหานคร,10600.0,13.731,100.49700000000001
37,สำนักงานเขตคลองสาน,309402000,ซ,แผนงานพัฒนาชุมชน: งานพัฒนาชุมชน,16381900,คลองสาน,กรุงเทพมหานคร,10600.0,13.731,100.49700000000001
37,สำนักงานเขตคลองสาน,309402000,,งานควบคุมอนามัย,6052000,คลองสาน,กรุงเทพมหานคร,10600.0,13.731,100.49700000000001
37,สำนักงานเขตคลองสาน,309402000,ญ,แผนงานบริหารการศึกษา: งานบริหารการศึกษา,55539000,คลองสาน,กรุงเทพมหานคร,10600.0,13.731,100.49700000000001
38,สำนักงานเขตบางกอกใหญ่,267938900,,รายจ่ายประจำ,267938900,บางกอกใหญ่,กรุงเทพมหานคร,10600.0,13.743,100.486
38,สำนักงานเขตบางกอกใหญ่,267938900,ก,แผนงานบริหารงานปกครองและทะเบียน,27017100,บางกอกใหญ่,กรุงเทพมหานคร,10600.0,13.743,100.486
38,สำนักงานเขตบางกอกใหญ่,267938900,ข,แผนงานบริหารการคลัง,10302300,บางกอกใหญ่,กรุงเทพมหานคร,10600.0,13.743,100.486
38,สำนักงานเขตบางกอกใหญ่,267938900,ค,แผนงานรักษาความสะอาด: งานรักษาความสะอาด,97332400,บางกอกใหญ่,กรุงเทพมหานคร,10600.0,13.743,100.486
38,สำนักงานเขตบางกอกใหญ่,267938900,ง,แผนงานรักษาความเป็นระเบียบเรียบร้อย: งานบริหารและบังคับการเทศกิจ,13548400,บางกอกใหญ่,กรุงเทพมหานคร,10600.0,13.743,100.486
38,สำนักงานเขตบางกอกใหญ่,267938900,จ,แผนงานการโยธา: งานการโยธา,17889100,บางกอกใหญ่,กรุงเทพมหานคร,10600.0,13.743,100.486
38,สำนักงานเขตบางกอกใหญ่,267938900,ช,แผนงานพัฒนาสภาวะส่ิงแวดล้อม: งานปลูกและบำรุงรักษาต้นไม้,13464900,บางกอกใหญ่,กรุงเทพมหานคร,10600.0,13.743,100.486
38,สำนักงานเขตบางกอกใหญ่,267938900,ซ,แผนงานพัฒนาชุมชน: งานพัฒนาชุมชน,11384700,บางกอกใหญ่,กรุงเทพมหานคร,10600.0,13.743,100.486
38,สำนักงานเขตบางกอกใหญ่,267938900,,งานควบคุมอนามัย,6702500,บางกอกใหญ่,กรุงเทพมหานคร,10600.0,13.743,100.486
38,สำนักงานเขตบางกอกใหญ่,267938900,ญ,แผนงานบริหารการศึกษา: งานบริหารการศึกษา,35661500,บางกอกใหญ่,กรุงเทพมหานคร,10600.0,13.743,100.486
39,สำนักงานเขตบางกอกน้อย,416491388,,รายจ่ายประจำ,416491388,บางกอกน้อย,กรุงเทพมหานคร,10700.0,13.759,100.48100000000001
39,สำนักงานเขตบางกอกน้อย,416491388,ก,แผนงานบริหารงานปกครองและทะเบียน,45748900,บางกอกน้อย,กรุงเทพมหานคร,10700.0,13.759,100.48100000000001
39,สำนักงานเขตบางกอกน้อย,416491388,ข,แผนงานบริหารการคลัง,10545300,บางกอกน้อย,กรุงเทพมหานคร,10700.0,13.759,100.48100000000001
39,สำนักงานเขตบางกอกน้อย,416491388,ค,แผนงานรักษาความสะอาด: งานรักษาความสะอาด,152383300,บางกอกน้อย,กรุงเทพมหานคร,10700.0,13.759,100.48100000000001
39,สำนักงานเขตบางกอกน้อย,416491388,ง,แผนงานรักษาความเป็นระเบียบเรียบร้อย: งานบริหารและบังคับการเทศกิจ,23892400,บางกอกน้อย,กรุงเทพมหานคร,10700.0,13.759,100.48100000000001
39,สำนักงานเขตบางกอกน้อย,416491388,จ,แผนงานการโยธา: งานการโยธา,19732700,บางกอกน้อย,กรุงเทพมหานคร,10700.0,13.759,100.48100000000001
39,สำนักงานเขตบางกอกน้อย,416491388,ช,แผนงานพัฒนาสภาวะส่ิงแวดล้อม: งานปลูกและบำรุงรักษาต้นไม้,12214200,บางกอกน้อย,กรุงเทพมหานคร,10700.0,13.759,100.48100000000001
39,สำนักงานเขตบางกอกน้อย,416491388,ซ,แผนงานพัฒนาชุมชน: งานพัฒนาชุมชน,38125200,บางกอกน้อย,กรุงเทพมหานคร,10700.0,13.759,100.48100000000001
39,สำนักงานเขตบางกอกน้อย,416491388,,งานควบคุมอนามัย,7870300,บางกอกน้อย,กรุงเทพมหานคร,10700.0,13.759,100.48100000000001
39,สำนักงานเขตบางกอกน้อย,416491388,ญ,แผนงานบริหารการศึกษา: งานบริหารการศึกษา,55342900,บางกอกน้อย,กรุงเทพมหานคร,10700.0,13.759,100.48100000000001
40,สำนักงานเขตตล่ิงชัน,402209640,,รายจ่ายประจำ,402209640,ตลิ่งชัน,กรุงเทพมหานคร,10170.0,13.76,100.456
40,สำนักงานเขตตล่ิงชัน,402209640,ก,แผนงานบริหารงานปกครองและทะเบียน,25520040,ตลิ่งชัน,กรุงเทพมหานคร,10170.0,13.76,100.456
40,สำนักงานเขตตล่ิงชัน,402209640,ข,แผนงานบริหารการคลัง,11529400,ตลิ่งชัน,กรุงเทพมหานคร,10170.0,13.76,100.456
40,สำนักงานเขตตล่ิงชัน,402209640,ค,แผนงานรักษาความสะอาด: งานรักษาความสะอาด,102870200,ตลิ่งชัน,กรุงเทพมหานคร,10170.0,13.76,100.456
40,สำนักงานเขตตล่ิงชัน,402209640,ง,แผนงานรักษาความเป็นระเบียบเรียบร้อย: งานบริหารและบังคับการเทศกิจ,18683800,ตลิ่งชัน,กรุงเทพมหานคร,10170.0,13.76,100.456
40,สำนักงานเขตตล่ิงชัน,402209640,จ,แผนงานการโยธา: งานการโยธา,77956600,ตลิ่งชัน,กรุงเทพมหานคร,10170.0,13.76,100.456
40,สำนักงานเขตตล่ิงชัน,402209640,,งานการระบายน้ำและแก้ไขปัญหาน้ำท่วม,11723400,ตลิ่งชัน,กรุงเทพมหานคร,10170.0,13.76,100.456
40,สำนักงานเขตตล่ิงชัน,402209640,ช,แผนงานพัฒนาสภาวะส่ิงแวดล้อม: งานปลูกและบำรุงรักษาต้นไม้,39335700,ตลิ่งชัน,กรุงเทพมหานคร,10170.0,13.76,100.456
40,สำนักงานเขตตล่ิงชัน,402209640,ซ,แผนงานพัฒนาชุมชน: งานพัฒนาชุมชน,22623500,ตลิ่งชัน,กรุงเทพมหานคร,10170.0,13.76,100.456
40,สำนักงานเขตตล่ิงชัน,402209640,,งานควบคุมอนามัย,6399400,ตลิ่งชัน,กรุงเทพมหานคร,10170.0,13.76,100.456
40,สำนักงานเขตตล่ิงชัน,402209640,ญ,แผนงานบริหารการศึกษา: งานบริหารการศึกษา,85567600,ตลิ่งชัน,กรุงเทพมหานคร,10170.0,13.76,100.456
41,สำนักงานเขตภาษีเจริญ,384617500,,รายจ่ายประจำ,384617500,ภาษีเจริญ,กรุงเทพมหานคร,10160.0,13.714,100.443
41,สำนักงานเขตภาษีเจริญ,384617500,ก,แผนงานบริหารงานปกครองและทะเบียน,30860800,ภาษีเจริญ,กรุงเทพมหานคร,10160.0,13.714,100.443
41,สำนักงานเขตภาษีเจริญ,384617500,ข,แผนงานบริหารการคลัง,11114400,ภาษีเจริญ,กรุงเทพมหานคร,10160.0,13.714,100.443
41,สำนักงานเขตภาษีเจริญ,384617500,ค,แผนงานรักษาความสะอาด: งานรักษาความสะอาด,113150900,ภาษีเจริญ,กรุงเทพมหานคร,10160.0,13.714,100.443
41,สำนักงานเขตภาษีเจริญ,384617500,ง,แผนงานรักษาความเป็นระเบียบเรียบร้อย: งานบริหารและบังคับการเทศกิจ,22362300,ภาษีเจริญ,กรุงเทพมหานคร,10160.0,13.714,100.443
41,สำนักงานเขตภาษีเจริญ,384617500,จ,แผนงานการโยธา: งานการโยธา,35188900,ภาษีเจริญ,กรุงเทพมหานคร,10160.0,13.714,100.443
41,สำนักงานเขตภาษีเจริญ,384617500,,งานการระบายน้ำและแก้ไขปัญหาน้ำท่วม,17859700,ภาษีเจริญ,กรุงเทพมหานคร,10160.0,13.714,100.443
41,สำนักงานเขตภาษีเจริญ,384617500,ช,แผนงานพัฒนาสภาวะส่ิงแวดล้อม: งานปลูกและบำรุงรักษาต้นไม้,18993700,ภาษีเจริญ,กรุงเทพมหานคร,10160.0,13.714,100.443
41,สำนักงานเขตภาษีเจริญ,384617500,ซ,แผนงานพัฒนาชุมชน: งานพัฒนาชุมชน,18363600,ภาษีเจริญ,กรุงเทพมหานคร,10160.0,13.714,100.443
41,สำนักงานเขตภาษีเจริญ,384617500,,งานควบคุมอนามัย,6349900,ภาษีเจริญ,กรุงเทพมหานคร,10160.0,13.714,100.443
41,สำนักงานเขตภาษีเจริญ,384617500,ญ,แผนงานบริหารการศึกษา,110373300,ภาษีเจริญ,กรุงเทพมหานคร,10160.0,13.714,100.443
42,สำนักงานเขตหนองแขม,420905400,,รายจ่ายประจำ,420905400,หนองแขม,กรุงเทพมหานคร,10160.0,13.68,100.35799999999999
42,สำนักงานเขตหนองแขม,420905400,ก,แผนงานบริหารงานปกครองและทะเบียน,30763600,หนองแขม,กรุงเทพมหานคร,10160.0,13.68,100.35799999999999
42,สำนักงานเขตหนองแขม,420905400,ข,แผนงานบริหารการคลัง,13242800,หนองแขม,กรุงเทพมหานคร,10160.0,13.68,100.35799999999999
42,สำนักงานเขตหนองแขม,420905400,ค,แผนงานรักษาความสะอาด: งานรักษาความสะอาด,103442000,หนองแขม,กรุงเทพมหานคร,10160.0,13.68,100.35799999999999
42,สำนักงานเขตหนองแขม,420905400,ง,แผนงานรักษาความเป็นระเบียบเรียบร้อย: งานบริหารและบังคับการเทศกิจ,16111800,หนองแขม,กรุงเทพมหานคร,10160.0,13.68,100.35799999999999
42,สำนักงานเขตหนองแขม,420905400,จ,แผนงานการโยธา: งานการโยธา,59526300,หนองแขม,กรุงเทพมหานคร,10160.0,13.68,100.35799999999999
42,สำนักงานเขตหนองแขม,420905400,,งานการระบายน้ำและแก้ไขปัญหาน้ำท่วม,19077500,หนองแขม,กรุงเทพมหานคร,10160.0,13.68,100.35799999999999
42,สำนักงานเขตหนองแขม,420905400,ช,แผนงานพัฒนาสภาวะส่ิงแวดล้อม: งานปลูกและบำรุงรักษาต้นไม้,34385200,หนองแขม,กรุงเทพมหานคร,10160.0,13.68,100.35799999999999
42,สำนักงานเขตหนองแขม,420905400,ซ,แผนงานพัฒนาชุมชน: งานพัฒนาชุมชน,61318000,หนองแขม,กรุงเทพมหานคร,10160.0,13.68,100.35799999999999
42,สำนักงานเขตหนองแขม,420905400,,งานควบคุมอนามัย,5738900,หนองแขม,กรุงเทพมหานคร,10160.0,13.68,100.35799999999999
42,สำนักงานเขตหนองแขม,420905400,ญ,แผนงานบริหารการศึกษา: งานบริหารการศึกษา,77299300,หนองแขม,กรุงเทพมหานคร,10160.0,13.68,100.35799999999999
43,สำนักงานเขตบางขุนเทียน,579297000,,รายจ่ายประจำ,579297000,บางขุนเทียน,กรุงเทพมหานคร,10150.0,13.555,100.434
43,สำนักงานเขตบางขุนเทียน,579297000,ก,แผนงานบริหารงานปกครองและทะเบียน,35671300,บางขุนเทียน,กรุงเทพมหานคร,10150.0,13.555,100.434
43,สำนักงานเขตบางขุนเทียน,579297000,ข,แผนงานบริหารการคลัง,12618100,บางขุนเทียน,กรุงเทพมหานคร,10150.0,13.555,100.434
43,สำนักงานเขตบางขุนเทียน,579297000,ค,แผนงานรักษาความสะอาด: งานรักษาความสะอาด,151825100,บางขุนเทียน,กรุงเทพมหานคร,10150.0,13.555,100.434
43,สำนักงานเขตบางขุนเทียน,579297000,ง,แผนงานรักษาความเป็นระเบียบเรียบร้อย: งานบริหารและบังคับการเทศกิจ,19210600,บางขุนเทียน,กรุงเทพมหานคร,10150.0,13.555,100.434
43,สำนักงานเขตบางขุนเทียน,579297000,จ,แผนงานการโยธา,94918800,บางขุนเทียน,กรุงเทพมหานคร,10150.0,13.555,100.434
43,สำนักงานเขตบางขุนเทียน,579297000,,งานการระบายน้ำและแก้ไขปัญหาน้ำท่วม,24594700,บางขุนเทียน,กรุงเทพมหานคร,10150.0,13.555,100.434
43,สำนักงานเขตบางขุนเทียน,579297000,ช,แผนงานพัฒนาสภาวะส่ิงแวดล้อม: งานปลูกและบำรุงรักษาต้นไม้,24387500,บางขุนเทียน,กรุงเทพมหานคร,10150.0,13.555,100.434
43,สำนักงานเขตบางขุนเทียน,579297000,ซ,แผนงานพัฒนาชุมชน: งานพัฒนาชุมชน,27092900,บางขุนเทียน,กรุงเทพมหานคร,10150.0,13.555,100.434
43,สำนักงานเขตบางขุนเทียน,579297000,,งานควบคุมอนามัย,7353000,บางขุนเทียน,กรุงเทพมหานคร,10150.0,13.555,100.434
43,สำนักงานเขตบางขุนเทียน,579297000,ญ,แผนงานบริหารการศึกษา: งานบริหารการศึกษา,181625000,บางขุนเทียน,กรุงเทพมหานคร,10150.0,13.555,100.434
44,สำนักงานเขตราษฎร์บูรณะ,298729000,,รายจ่ายประจำ,298729000,ราษฎร์บูรณะ,กรุงเทพมหานคร,10140.0,13.67,100.51
44,สำนักงานเขตราษฎร์บูรณะ,298729000,ก,แผนงานบริหารงานปกครองและทะเบียน,29003500,ราษฎร์บูรณะ,กรุงเทพมหานคร,10140.0,13.67,100.51
44,สำนักงานเขตราษฎร์บูรณะ,298729000,ข,แผนงานบริหารการคลัง,11723700,ราษฎร์บูรณะ,กรุงเทพมหานคร,10140.0,13.67,100.51
44,สำนักงานเขตราษฎร์บูรณะ,298729000,ค,แผนงานรักษาความสะอาด: งานรักษาความสะอาด,103980800,ราษฎร์บูรณะ,กรุงเทพมหานคร,10140.0,13.67,100.51
44,สำนักงานเขตราษฎร์บูรณะ,298729000,ง,แผนงานรักษาความเป็นระเบียบเรียบร้อย: งานบริหารและบังคับการเทศกิจ,17566100,ราษฎร์บูรณะ,กรุงเทพมหานคร,10140.0,13.67,100.51
44,สำนักงานเขตราษฎร์บูรณะ,298729000,จ,แผนงานการโยธา: งานการโยธา,13363700,ราษฎร์บูรณะ,กรุงเทพมหานคร,10140.0,13.67,100.51
44,สำนักงานเขตราษฎร์บูรณะ,298729000,,งานการระบายน้ำและแก้ไขปัญหาน้ำท่วม,29062100,ราษฎร์บูรณะ,กรุงเทพมหานคร,10140.0,13.67,100.51
44,สำนักงานเขตราษฎร์บูรณะ,298729000,ช,แผนงานพัฒนาสภาวะส่ิงแวดล้อม: งานปลูกและบำรุงรักษาต้นไม้,20921000,ราษฎร์บูรณะ,กรุงเทพมหานคร,10140.0,13.67,100.51
44,สำนักงานเขตราษฎร์บูรณะ,298729000,ซ,แผนงานพัฒนาชุมชน: งานพัฒนาชุมชน,17128300,ราษฎร์บูรณะ,กรุงเทพมหานคร,10140.0,13.67,100.51
44,สำนักงานเขตราษฎร์บูรณะ,298729000,,งานควบคุมอนามัย,6312600,ราษฎร์บูรณะ,กรุงเทพมหานคร,10140.0,13.67,100.51
44,สำนักงานเขตราษฎร์บูรณะ,298729000,ญ,แผนงานบริหารการศึกษา: งานบริหารการศึกษา,49667200,ราษฎร์บูรณะ,กรุงเทพมหานคร,10140.0,13.67,100.51
45,สำนักงานเขตดอนเมือง,422753800,,รายจ่ายประจำ,422753800,ดอนเมือง,กรุงเทพมหานคร,10210.0,13.925,100.59299999999999
45,สำนักงานเขตดอนเมือง,422753800,ก,แผนงานบริหารงานปกครองและทะเบียน,29849000,ดอนเมือง,กรุงเทพมหานคร,10210.0,13.925,100.59299999999999
45,สำนักงานเขตดอนเมือง,422753800,ข,แผนงานบริหารการคลัง,11201000,ดอนเมือง,กรุงเทพมหานคร,10210.0,13.925,100.59299999999999
45,สำนักงานเขตดอนเมือง,422753800,ค,แผนงานรักษาความสะอาด: งานรักษาความสะอาด,123195500,ดอนเมือง,กรุงเทพมหานคร,10210.0,13.925,100.59299999999999
45,สำนักงานเขตดอนเมือง,422753800,ง,แผนงานรักษาความเป็นระเบียบเรียบร้อย: งานบริหารและบังคับการเทศกิจ,18582500,ดอนเมือง,กรุงเทพมหานคร,10210.0,13.925,100.59299999999999
45,สำนักงานเขตดอนเมือง,422753800,จ,แผนงานการโยธา: งานการโยธา,77035000,ดอนเมือง,กรุงเทพมหานคร,10210.0,13.925,100.59299999999999
45,สำนักงานเขตดอนเมือง,422753800,,งานการระบายน้ำและแก้ไขปัญหาน้ำท่วม,24314200,ดอนเมือง,กรุงเทพมหานคร,10210.0,13.925,100.59299999999999
45,สำนักงานเขตดอนเมือง,422753800,ช,แผนงานพัฒนาสภาวะส่ิงแวดล้อม: งานปลูกและบำรุงรักษาต้นไม้,27481900,ดอนเมือง,กรุงเทพมหานคร,10210.0,13.925,100.59299999999999
45,สำนักงานเขตดอนเมือง,422753800,ซ,แผนงานพัฒนาชุมชน: งานพัฒนาชุมชน,29349400,ดอนเมือง,กรุงเทพมหานคร,10210.0,13.925,100.59299999999999
45,สำนักงานเขตดอนเมือง,422753800,,งานควบคุมอนามัย,4478600,ดอนเมือง,กรุงเทพมหานคร,10210.0,13.925,100.59299999999999
45,สำนักงานเขตดอนเมือง,422753800,ญ,แผนงานบริหารการศึกษา: งานบริหารการศึกษา,77266700,ดอนเมือง,กรุงเทพมหานคร,10210.0,13.925,100.59299999999999
46,สำนักงานเขตจตุจักร,534717800,,รายจ่ายประจำ,534717800,จตุจักร,กรุงเทพมหานคร,10900.0,13.825999999999999,100.565
46,สำนักงานเขตจตุจักร,534717800,ก,แผนงานบริหารงานปกครองและทะเบียน,30563700,จตุจักร,กรุงเทพมหานคร,10900.0,13.825999999999999,100.565
46,สำนักงานเขตจตุจักร,534717800,ข,แผนงานบริหารการคลัง,12730500,จตุจักร,กรุงเทพมหานคร,10900.0,13.825999999999999,100.565
46,สำนักงานเขตจตุจักร,534717800,ค,แผนงานรักษาความสะอาด: งานรักษาความสะอาด,236229900,จตุจักร,กรุงเทพมหานคร,10900.0,13.825999999999999,100.565
46,สำนักงานเขตจตุจักร,534717800,ง,แผนงานรักษาความเป็นระเบียบเรียบร้อย: งานบริหารและบังคับการเทศกิจ,27277200,จตุจักร,กรุงเทพมหานคร,10900.0,13.825999999999999,100.565
46,สำนักงานเขตจตุจักร,534717800,จ,แผนงานการโยธา: งานการโยธา,55246900,จตุจักร,กรุงเทพมหานคร,10900.0,13.825999999999999,100.565
46,สำนักงานเขตจตุจักร,534717800,,งานการระบายน้ำและแก้ไขปัญหาน้ำท่วม,14512000,จตุจักร,กรุงเทพมหานคร,10900.0,13.825999999999999,100.565
46,สำนักงานเขตจตุจักร,534717800,ช,แผนงานพัฒนาสภาวะส่ิงแวดล้อม: งานปลูกและบำรุงรักษาต้นไม้,30886500,จตุจักร,กรุงเทพมหานคร,10900.0,13.825999999999999,100.565
46,สำนักงานเขตจตุจักร,534717800,ซ,แผนงานพัฒนาชุมชน,37381400,จตุจักร,กรุงเทพมหานคร,10900.0,13.825999999999999,100.565
46,สำนักงานเขตจตุจักร,534717800,,งานควบคุมอนามัย,8091900,จตุจักร,กรุงเทพมหานคร,10900.0,13.825999999999999,100.565
46,สำนักงานเขตจตุจักร,534717800,ญ,แผนงานบริหารการศึกษา: งานบริหารการศึกษา,81797800,จตุจักร,กรุงเทพมหานคร,10900.0,13.825999999999999,100.565
47,สำนักงานเขตลาดพร้าว,376722000,,รายจ่ายประจำ,376722000,ลาดพร้าว,กรุงเทพมหานคร,10230.0,13.811,100.61200000000001
47,สำนักงานเขตลาดพร้าว,376722000,ก,แผนงานบริหารงานปกครองและทะเบียน,30074100,ลาดพร้าว,กรุงเทพมหานคร,10230.0,13.811,100.61200000000001
47,สำนักงานเขตลาดพร้าว,376722000,ข,แผนงานบริหารการคลัง,11652800,ลาดพร้าว,กรุงเทพมหานคร,10230.0,13.811,100.61200000000001
47,สำนักงานเขตลาดพร้าว,376722000,ค,แผนงานรักษาความสะอาด: งานรักษาความสะอาด,123825000,ลาดพร้าว,กรุงเทพมหานคร,10230.0,13.811,100.61200000000001
47,สำนักงานเขตลาดพร้าว,376722000,ง,แผนงานรักษาความเป็นระเบียบเรียบร้อย: งานบริหารและบังคับการเทศกิจ,14818400,ลาดพร้าว,กรุงเทพมหานคร,10230.0,13.811,100.61200000000001
47,สำนักงานเขตลาดพร้าว,376722000,จ,แผนงานการโยธา,54293400,ลาดพร้าว,กรุงเทพมหานคร,10230.0,13.811,100.61200000000001
47,สำนักงานเขตลาดพร้าว,376722000,,งานการระบายน้ำและแก้ไขปัญหาน้ำท่วม,33222200,ลาดพร้าว,กรุงเทพมหานคร,10230.0,13.811,100.61200000000001
47,สำนักงานเขตลาดพร้าว,376722000,ช,แผนงานพัฒนาสภาวะส่ิงแวดล้อม: งานปลูกและบำรุงรักษาต้นไม้,21658100,ลาดพร้าว,กรุงเทพมหานคร,10230.0,13.811,100.61200000000001
47,สำนักงานเขตลาดพร้าว,376722000,ซ,แผนงานพัฒนาชุมชน: งานพัฒนาชุมชน,23341400,ลาดพร้าว,กรุงเทพมหานคร,10230.0,13.811,100.61200000000001
47,สำนักงานเขตลาดพร้าว,376722000,,งานควบคุมอนามัย,6752600,ลาดพร้าว,กรุงเทพมหานคร,10230.0,13.811,100.61200000000001
47,สำนักงานเขตลาดพร้าว,376722000,ญ,แผนงานบริหารการศึกษา: งานบริหารการศึกษา,57084000,ลาดพร้าว,กรุงเทพมหานคร,10230.0,13.811,100.61200000000001
48,สำนักงานเขตบึงกุ่ม,354848700,,รายจ่ายประจำ,354848700,บึงกุ่ม,กรุงเทพมหานคร,10240.0,13.808,100.65
48,สำนักงานเขตบึงกุ่ม,354848700,ก,แผนงานบริหารงานปกครองและทะเบียน,26377900,บึงกุ่ม,กรุงเทพมหานคร,10240.0,13.808,100.65
48,สำนักงานเขตบึงกุ่ม,354848700,ข,แผนงานบริหารการคลัง,10627900,บึงกุ่ม,กรุงเทพมหานคร,10240.0,13.808,100.65
48,สำนักงานเขตบึงกุ่ม,354848700,ค,แผนงานรักษาความสะอาด: งานรักษาความสะอาด,98985000,บึงกุ่ม,กรุงเทพมหานคร,10240.0,13.808,100.65
48,สำนักงานเขตบึงกุ่ม,354848700,ง,แผนงานรักษาความเป็นระเบียบเรียบร้อย: งานบริหารและบังคับการเทศกิจ,13705100,บึงกุ่ม,กรุงเทพมหานคร,10240.0,13.808,100.65
48,สำนักงานเขตบึงกุ่ม,354848700,จ,แผนงานการโยธา: งานการโยธา,52763300,บึงกุ่ม,กรุงเทพมหานคร,10240.0,13.808,100.65
48,สำนักงานเขตบึงกุ่ม,354848700,,งานการระบายน้ำและแก้ไขปัญหาน้ำท่วม,16716300,บึงกุ่ม,กรุงเทพมหานคร,10240.0,13.808,100.65
48,สำนักงานเขตบึงกุ่ม,354848700,ช,แผนงานพัฒนาสภาวะส่ิงแวดล้อม: งานปลูกและบำรุงรักษาต้นไม้,18844400,บึงกุ่ม,กรุงเทพมหานคร,10240.0,13.808,100.65
48,สำนักงานเขตบึงกุ่ม,354848700,ซ,แผนงานพัฒนาชุมชน: งานพัฒนาชุมชน,28285900,บึงกุ่ม,กรุงเทพมหานคร,10240.0,13.808,100.65
48,สำนักงานเขตบึงกุ่ม,354848700,,งานควบคุมอนามัย,5127800,บึงกุ่ม,กรุงเทพมหานคร,10240.0,13.808,100.65
48,สำนักงานเขตบึงกุ่ม,354848700,ญ,แผนงานบริหารการศึกษา,83415100,บึงกุ่ม,กรุงเทพมหานคร,10240.0,13.808,100.65
49,โรงเรียนประภาสวิทยา สำนักงานเขตสาทร,49305809000,,รายจ่ายประจำ,305809000,สาทร,กรุงเทพมหานคร,10120.0,13.71,100.53200000000001
49,โรงเรียนประภาสวิทยา สำนักงานเขตสาทร,49305809000,ก,แผนงานบริหารงานปกครองและทะเบียน,30721800,สาทร,กรุงเทพมหานคร,10120.0,13.71,100.53200000000001
49,โรงเรียนประภาสวิทยา สำนักงานเขตสาทร,49305809000,ข,แผนงานบริหารการคลัง,10831600,สาทร,กรุงเทพมหานคร,10120.0,13.71,100.53200000000001
49,โรงเรียนประภาสวิทยา สำนักงานเขตสาทร,49305809000,ค,แผนงานรักษาความสะอาด: งานรักษาความสะอาด,122219000,สาทร,กรุงเทพมหานคร,10120.0,13.71,100.53200000000001
49,โรงเรียนประภาสวิทยา สำนักงานเขตสาทร,49305809000,ง,แผนงานรักษาความเป็นระเบียบเรียบร้อย: งานบริหารและบังคับการเทศกิจ,17974400,สาทร,กรุงเทพมหานคร,10120.0,13.71,100.53200000000001
49,โรงเรียนประภาสวิทยา สำนักงานเขตสาทร,49305809000,จ,แผนงานการโยธา: งานการโยธา,55399600,สาทร,กรุงเทพมหานคร,10120.0,13.71,100.53200000000001
49,โรงเรียนประภาสวิทยา สำนักงานเขตสาทร,49305809000,,งานการระบายน้ำและแก้ไขปัญหาน้ำท่วม,11265600,สาทร,กรุงเทพมหานคร,10120.0,13.71,100.53200000000001
49,โรงเรียนประภาสวิทยา สำนักงานเขตสาทร,49305809000,ช,แผนงานพัฒนาสภาวะส่ิงแวดล้อม: งานปลูกและบำรุงรักษาต้นไม้,17551300,สาทร,กรุงเทพมหานคร,10120.0,13.71,100.53200000000001
49,โรงเรียนประภาสวิทยา สำนักงานเขตสาทร,49305809000,ซ,แผนงานพัฒนาชุมชน: งานพัฒนาชุมชน,17487100,สาทร,กรุงเทพมหานคร,10120.0,13.71,100.53200000000001
49,โรงเรียนประภาสวิทยา สำนักงานเขตสาทร,49305809000,,งานควบคุมอนามัย,6271100,สาทร,กรุงเทพมหานคร,10120.0,13.71,100.53200000000001
49,โรงเรียนประภาสวิทยา สำนักงานเขตสาทร,49305809000,ญ,แผนงานบริหารการศึกษา: งานบริหารการศึกษา,16087500,สาทร,กรุงเทพมหานคร,10120.0,13.71,100.53200000000001
50,สำนักงานเขตบางคอแหลม,306933000,,รายจ่ายประจำ,306933000,บางคอแหลม,กรุงเทพมหานคร,10120.0,13.696,100.494
50,สำนักงานเขตบางคอแหลม,306933000,ก,แผนงานบริหารงานปกครองและทะเบียน,25185600,บางคอแหลม,กรุงเทพมหานคร,10120.0,13.696,100.494
50,สำนักงานเขตบางคอแหลม,306933000,ข,แผนงานบริหารการคลัง,10555500,บางคอแหลม,กรุงเทพมหานคร,10120.0,13.696,100.494
50,สำนักงานเขตบางคอแหลม,306933000,ค,แผนงานรักษาความสะอาด: งานรักษาความสะอาด,109085300,บางคอแหลม,กรุงเทพมหานคร,10120.0,13.696,100.494
50,สำนักงานเขตบางคอแหลม,306933000,ง,แผนงานรักษาความเป็นระเบียบเรียบร้อย: งานบริหารและบังคับการเทศกิจ,15629200,บางคอแหลม,กรุงเทพมหานคร,10120.0,13.696,100.494
50,สำนักงานเขตบางคอแหลม,306933000,จ,แผนงานการโยธา: งานการโยธา,22628900,บางคอแหลม,กรุงเทพมหานคร,10120.0,13.696,100.494
50,สำนักงานเขตบางคอแหลม,306933000,ช,แผนงานพัฒนาสภาวะส่ิงแวดล้อม: งานปลูกและบำรุงรักษาต้นไม้,15125500,บางคอแหลม,กรุงเทพมหานคร,10120.0,13.696,100.494
50,สำนักงานเขตบางคอแหลม,306933000,ซ,แผนงานพัฒนาชุมชน: งานพัฒนาชุมชน,36964200,บางคอแหลม,กรุงเทพมหานคร,10120.0,13.696,100.494
50,สำนักงานเขตบางคอแหลม,306933000,,งานควบคุมอนามัย,6983100,บางคอแหลม,กรุงเทพมหานคร,10120.0,13.696,100.494
50,สำนักงานเขตบางคอแหลม,306933000,ญ,แผนงานบริหารการศึกษา: งานบริหารการศึกษา,39999200,บางคอแหลม,กรุงเทพมหานคร,10120.0,13.696,100.494
51,สำนักงานเขตบางซ่ือ,348972900,,รายจ่ายประจำ,348972900,บางซื่อ,กรุงเทพมหานคร,10800.0,13.82,100.529
51,สำนักงานเขตบางซ่ือ,348972900,ก,แผนงานบริหารงานปกครองและทะเบียน,32592800,บางซื่อ,กรุงเทพมหานคร,10800.0,13.82,100.529
51,สำนักงานเขตบางซ่ือ,348972900,ข,แผนงานบริหารการคลัง,10886000,บางซื่อ,กรุงเทพมหานคร,10800.0,13.82,100.529
51,สำนักงานเขตบางซ่ือ,348972900,ค,แผนงานรักษาความสะอาด: งานรักษาความสะอาด,128588600,บางซื่อ,กรุงเทพมหานคร,10800.0,13.82,100.529
51,สำนักงานเขตบางซ่ือ,348972900,ง,แผนงานรักษาความเป็นระเบียบเรียบร้อย: งานบริหารและบังคับการเทศกิจ,22416700,บางซื่อ,กรุงเทพมหานคร,10800.0,13.82,100.529
51,สำนักงานเขตบางซ่ือ,348972900,จ,แผนงานการโยธา: งานการโยธา,42508800,บางซื่อ,กรุงเทพมหานคร,10800.0,13.82,100.529
51,สำนักงานเขตบางซ่ือ,348972900,,งานการระบายน้ำและแก้ไขปัญหาน้ำท่วม,17493300,บางซื่อ,กรุงเทพมหานคร,10800.0,13.82,100.529
51,สำนักงานเขตบางซ่ือ,348972900,ช,แผนงานพัฒนาสภาวะส่ิงแวดล้อม: งานปลูกและบำรุงรักษาต้นไม้,17496100,บางซื่อ,กรุงเทพมหานคร,10800.0,13.82,100.529
51,สำนักงานเขตบางซ่ือ,348972900,ซ,แผนงานพัฒนาชุมชน: งานพัฒนาชุมชน,21961500,บางซื่อ,กรุงเทพมหานคร,10800.0,13.82,100.529
51,สำนักงานเขตบางซ่ือ,348972900,,งานควบคุมอนามัย,6326600,บางซื่อ,กรุงเทพมหานคร,10800.0,13.82,100.529
51,สำนักงานเขตบางซ่ือ,348972900,ญ,แผนงานบริหารการศึกษา: งานบริหารการศึกษา,48702500,บางซื่อ,กรุงเทพมหานคร,10800.0,13.82,100.529
52,สำนักงานเขตราชเทวี,369857500,,รายจ่ายประจำ,369857500,ราชเทวี,กรุงเทพมหานคร,10400.0,13.763,100.53
52,สำนักงานเขตราชเทวี,369857500,ก,แผนงานบริหารงานปกครองและทะเบียน,28496300,ราชเทวี,กรุงเทพมหานคร,10400.0,13.763,100.53
52,สำนักงานเขตราชเทวี,369857500,ข,แผนงานบริหารการคลัง,19846400,ราชเทวี,กรุงเทพมหานคร,10400.0,13.763,100.53
52,สำนักงานเขตราชเทวี,369857500,ค,แผนงานรักษาความสะอาด: งานรักษาความสะอาด,153373400,ราชเทวี,กรุงเทพมหานคร,10400.0,13.763,100.53
52,สำนักงานเขตราชเทวี,369857500,ง,แผนงานรักษาความเป็นระเบียบเรียบร้อย: งานบริหารและบังคับการเทศกิจ,25379500,ราชเทวี,กรุงเทพมหานคร,10400.0,13.763,100.53
52,สำนักงานเขตราชเทวี,369857500,จ,แผนงานการโยธา: งานการโยธา,49723000,ราชเทวี,กรุงเทพมหานคร,10400.0,13.763,100.53
52,สำนักงานเขตราชเทวี,369857500,,งานการระบายน้ำและแก้ไขปัญหาน้ำท่วม,6021300,ราชเทวี,กรุงเทพมหานคร,10400.0,13.763,100.53
52,สำนักงานเขตราชเทวี,369857500,ช,แผนงานพัฒนาสภาวะส่ิงแวดล้อม: งานปลูกและบำรุงรักษาต้นไม้,32427400,ราชเทวี,กรุงเทพมหานคร,10400.0,13.763,100.53
52,สำนักงานเขตราชเทวี,369857500,ซ,แผนงานพัฒนาชุมชน: งานพัฒนาชุมชน,24753500,ราชเทวี,กรุงเทพมหานคร,10400.0,13.763,100.53
52,สำนักงานเขตราชเทวี,369857500,,งานควบคุมอนามัย,5300600,ราชเทวี,กรุงเทพมหานคร,10400.0,13.763,100.53
52,สำนักงานเขตราชเทวี,369857500,ญ,แผนงานบริหารการศึกษา: งานบริหารการศึกษา,24536100,ราชเทวี,กรุงเทพมหานคร,10400.0,13.763,100.53
53,สำนักงานเขตคลองเตย,385862000,,รายจ่ายประจำ,385862000,คลองเตย,กรุงเทพมหานคร,10110.0,13.71,100.57
53,สำนักงานเขตคลองเตย,385862000,ก,แผนงานบริหารงานปกครองและทะเบียน,29963400,คลองเตย,กรุงเทพมหานคร,10110.0,13.71,100.57
53,สำนักงานเขตคลองเตย,385862000,ข,แผนงานบริหารการคลัง,9741700,คลองเตย,กรุงเทพมหานคร,10110.0,13.71,100.57
53,สำนักงานเขตคลองเตย,385862000,ค,แผนงานรักษาความสะอาด: งานรักษาความสะอาด,170532500,คลองเตย,กรุงเทพมหานคร,10110.0,13.71,100.57
53,สำนักงานเขตคลองเตย,385862000,ง,แผนงานรักษาความเป็นระเบียบเรียบร้อย: งานบริหารและบังคับการเทศกิจ,22908500,คลองเตย,กรุงเทพมหานคร,10110.0,13.71,100.57
53,สำนักงานเขตคลองเตย,385862000,จ,แผนงานการโยธา,35015280,คลองเตย,กรุงเทพมหานคร,10110.0,13.71,100.57
53,สำนักงานเขตคลองเตย,385862000,,งานการระบายน้ำและแก้ไขปัญหาน้ำท่วม,10911300,คลองเตย,กรุงเทพมหานคร,10110.0,13.71,100.57
53,สำนักงานเขตคลองเตย,385862000,ช,แผนงานพัฒนาสภาวะส่ิงแวดล้อม: งานปลูกและบำรุงรักษาต้นไม้,24101500,คลองเตย,กรุงเทพมหานคร,10110.0,13.71,100.57
53,สำนักงานเขตคลองเตย,385862000,ซ,แผนงานพัฒนาชุมชน: งานพัฒนาชุมชน,45283500,คลองเตย,กรุงเทพมหานคร,10110.0,13.71,100.57
53,สำนักงานเขตคลองเตย,385862000,,งานควบคุมอนามัย,6045300,คลองเตย,กรุงเทพมหานคร,10110.0,13.71,100.57
53,สำนักงานเขตคลองเตย,385862000,ญ,แผนงานบริหารการศึกษา: งานบริหารการศึกษา,31359020,คลองเตย,กรุงเทพมหานคร,10110.0,13.71,100.57
54,สำนักงานเขตประเวศ,584808000,,รายจ่ายประจำ,584808000,ประเวศ,กรุงเทพมหานคร,10250.0,13.719000000000001,100.664
54,สำนักงานเขตประเวศ,584808000,ก,แผนงานบริหารงานปกครองและทะเบียน,55916700,ประเวศ,กรุงเทพมหานคร,10250.0,13.719000000000001,100.664
54,สำนักงานเขตประเวศ,584808000,ข,แผนงานบริหารการคลัง,11408800,ประเวศ,กรุงเทพมหานคร,10250.0,13.719000000000001,100.664
54,สำนักงานเขตประเวศ,584808000,ค,แผนงานรักษาความสะอาด: งานรักษาความสะอาด,132682200,ประเวศ,กรุงเทพมหานคร,10250.0,13.719000000000001,100.664
54,สำนักงานเขตประเวศ,584808000,ง,แผนงานรักษาความเป็นระเบียบเรียบร้อย: งานบริหารและบังคับการเทศกิจ,16283000,ประเวศ,กรุงเทพมหานคร,10250.0,13.719000000000001,100.664
54,สำนักงานเขตประเวศ,584808000,จ,แผนงานการโยธา: งานการโยธา,133763200,ประเวศ,กรุงเทพมหานคร,10250.0,13.719000000000001,100.664
54,สำนักงานเขตประเวศ,584808000,,งานการระบายน้ำและแก้ไขปัญหาน้ำท่วม,36937200,ประเวศ,กรุงเทพมหานคร,10250.0,13.719000000000001,100.664
54,สำนักงานเขตประเวศ,584808000,ช,แผนงานพัฒนาสภาวะส่ิงแวดล้อม: งานปลูกและบำรุงรักษาต้นไม้,30043400,ประเวศ,กรุงเทพมหานคร,10250.0,13.719000000000001,100.664
54,สำนักงานเขตประเวศ,584808000,ซ,แผนงานพัฒนาชุมชน: งานพัฒนาชุมชน,31541900,ประเวศ,กรุงเทพมหานคร,10250.0,13.719000000000001,100.664
54,สำนักงานเขตประเวศ,584808000,,งานควบคุมอนามัย,5421900,ประเวศ,กรุงเทพมหานคร,10250.0,13.719000000000001,100.664
54,สำนักงานเขตประเวศ,584808000,ญ,แผนงานบริหารการศึกษา: งานบริหารการศึกษา,130809700,ประเวศ,กรุงเทพมหานคร,10250.0,13.719000000000001,100.664
55,สำนักงานเขตบางพลัด,311873800,,รายจ่ายประจำ,311873800,บางพลัด,กรุงเทพมหานคร,10700.0,13.790999999999999,100.48700000000001
55,สำนักงานเขตบางพลัด,311873800,ก,แผนงานบริหารงานปกครองและทะเบียน,26084200,บางพลัด,กรุงเทพมหานคร,10700.0,13.790999999999999,100.48700000000001
55,สำนักงานเขตบางพลัด,311873800,ข,แผนงานบริหารการคลัง,12881400,บางพลัด,กรุงเทพมหานคร,10700.0,13.790999999999999,100.48700000000001
55,สำนักงานเขตบางพลัด,311873800,ค,แผนงานรักษาความสะอาด: งานรักษาความสะอาด,113032800,บางพลัด,กรุงเทพมหานคร,10700.0,13.790999999999999,100.48700000000001
55,สำนักงานเขตบางพลัด,311873800,ง,แผนงานรักษาความเป็นระเบียบเรียบร้อย: งานบริหารและบังคับการเทศกิจ,16780700,บางพลัด,กรุงเทพมหานคร,10700.0,13.790999999999999,100.48700000000001
55,สำนักงานเขตบางพลัด,311873800,จ,แผนงานการโยธา: งานการโยธา,13720000,บางพลัด,กรุงเทพมหานคร,10700.0,13.790999999999999,100.48700000000001
55,สำนักงานเขตบางพลัด,311873800,,งานการระบายน้ำและแก้ไขปัญหาน้ำท่วม,24454200,บางพลัด,กรุงเทพมหานคร,10700.0,13.790999999999999,100.48700000000001
55,สำนักงานเขตบางพลัด,311873800,ช,แผนงานพัฒนาสภาวะส่ิงแวดล้อม: งานปลูกและบำรุงรักษาต้นไม้,13786200,บางพลัด,กรุงเทพมหานคร,10700.0,13.790999999999999,100.48700000000001
55,สำนักงานเขตบางพลัด,311873800,ซ,แผนงานพัฒนาชุมชน: งานพัฒนาชุมชน,31708400,บางพลัด,กรุงเทพมหานคร,10700.0,13.790999999999999,100.48700000000001
55,สำนักงานเขตบางพลัด,311873800,,งานควบคุมอนามัย,5578500,บางพลัด,กรุงเทพมหานคร,10700.0,13.790999999999999,100.48700000000001
55,สำนักงานเขตบางพลัด,311873800,ญ,แผนงานบริหารการศึกษา: งานบริหารการศึกษา,53847400,บางพลัด,กรุงเทพมหานคร,10700.0,13.790999999999999,100.48700000000001
56,สำนักงานเขตจอมทอง,396522000,,รายจ่ายประจำ,396522000,จอมทอง,กรุงเทพมหานคร,10150.0,13.694,100.45
56,สำนักงานเขตจอมทอง,396522000,ก,แผนงานบริหารงานปกครองและทะเบียน,27366300,จอมทอง,กรุงเทพมหานคร,10150.0,13.694,100.45
56,สำนักงานเขตจอมทอง,396522000,ข,แผนงานบริหารการคลัง,11838300,จอมทอง,กรุงเทพมหานคร,10150.0,13.694,100.45
56,สำนักงานเขตจอมทอง,396522000,ค,แผนงานรักษาความสะอาด: งานรักษาความสะอาด,143871800,จอมทอง,กรุงเทพมหานคร,10150.0,13.694,100.45
56,สำนักงานเขตจอมทอง,396522000,ง,แผนงานรักษาความเป็นระเบียบเรียบร้อย: งานบริหารและบังคับการเทศกิจ,22857100,จอมทอง,กรุงเทพมหานคร,10150.0,13.694,100.45
56,สำนักงานเขตจอมทอง,396522000,จ,แผนงานการโยธา: งานการโยธา,24848300,จอมทอง,กรุงเทพมหานคร,10150.0,13.694,100.45
56,สำนักงานเขตจอมทอง,396522000,,งานการระบายน้ำและแก้ไขปัญหาน้ำท่วม,20442600,จอมทอง,กรุงเทพมหานคร,10150.0,13.694,100.45
56,สำนักงานเขตจอมทอง,396522000,ช,แผนงานพัฒนาสภาวะส่ิงแวดล้อม: งานปลูกและบำรุงรักษาต้นไม้,21374700,จอมทอง,กรุงเทพมหานคร,10150.0,13.694,100.45
56,สำนักงานเขตจอมทอง,396522000,ซ,แผนงานพัฒนาชุมชน: งานพัฒนาชุมชน,19379500,จอมทอง,กรุงเทพมหานคร,10150.0,13.694,100.45
56,สำนักงานเขตจอมทอง,396522000,,งานควบคุมอนามัย,6505100,จอมทอง,กรุงเทพมหานคร,10150.0,13.694,100.45
56,สำนักงานเขตจอมทอง,396522000,ญ,แผนงานบริหารการศึกษา: งานบริหารการศึกษา,98038300,จอมทอง,กรุงเทพมหานคร,10150.0,13.694,100.45
57,สำนักงานเขตดินแดง,331004000,,รายจ่ายประจำ,331004000,ดินแดง,กรุงเทพมหานคร,10400.0,13.777999999999999,100.56700000000001
57,สำนักงานเขตดินแดง,331004000,ก,แผนงานบริหารงานปกครองและทะเบียน,25931600,ดินแดง,กรุงเทพมหานคร,10400.0,13.777999999999999,100.56700000000001
57,สำนักงานเขตดินแดง,331004000,ข,แผนงานบริหารการคลัง,11551800,ดินแดง,กรุงเทพมหานคร,10400.0,13.777999999999999,100.56700000000001
57,สำนักงานเขตดินแดง,331004000,ค,แผนงานรักษาความสะอาด: งานรักษาความสะอาด,145317600,ดินแดง,กรุงเทพมหานคร,10400.0,13.777999999999999,100.56700000000001
57,สำนักงานเขตดินแดง,331004000,ง,แผนงานรักษาความเป็นระเบียบเรียบร้อย: งานบริหารและบังคับการเทศกิจ,20564400,ดินแดง,กรุงเทพมหานคร,10400.0,13.777999999999999,100.56700000000001
57,สำนักงานเขตดินแดง,331004000,จ,แผนงานการโยธา: งานการโยธา,19108200,ดินแดง,กรุงเทพมหานคร,10400.0,13.777999999999999,100.56700000000001
57,สำนักงานเขตดินแดง,331004000,,งานการระบายน้ำและแก้ไขปัญหาน้ำท่วม,10834600,ดินแดง,กรุงเทพมหานคร,10400.0,13.777999999999999,100.56700000000001
57,สำนักงานเขตดินแดง,331004000,ช,แผนงานพัฒนาสภาวะส่ิงแวดล้อม: งานปลูกและบำรุงรักษาต้นไม้,18704500,ดินแดง,กรุงเทพมหานคร,10400.0,13.777999999999999,100.56700000000001
57,สำนักงานเขตดินแดง,331004000,ซ,แผนงานพัฒนาชุมชน: งานพัฒนาชุมชน,18361800,ดินแดง,กรุงเทพมหานคร,10400.0,13.777999999999999,100.56700000000001
57,สำนักงานเขตดินแดง,331004000,,งานควบคุมอนามัย,6068300,ดินแดง,กรุงเทพมหานคร,10400.0,13.777999999999999,100.56700000000001
57,สำนักงานเขตดินแดง,331004000,ญ,แผนงานบริหารการศึกษา: งานบริหารการศึกษา,54561200,ดินแดง,กรุงเทพมหานคร,10400.0,13.777999999999999,100.56700000000001
58,สำนักงานเขตสวนหลวง,371965000,,รายจ่ายประจำ,371965000,สวนหลวง,กรุงเทพมหานคร,10250.0,13.725999999999999,100.62799999999999
58,สำนักงานเขตสวนหลวง,371965000,ก,แผนงานบริหารงานปกครองและทะเบียน,27204700,สวนหลวง,กรุงเทพมหานคร,10250.0,13.725999999999999,100.62799999999999
58,สำนักงานเขตสวนหลวง,371965000,ข,แผนงานบริหารการคลัง,11602800,สวนหลวง,กรุงเทพมหานคร,10250.0,13.725999999999999,100.62799999999999
58,สำนักงานเขตสวนหลวง,371965000,ค,แผนงานรักษาความสะอาด: งานรักษาความสะอาด,133244700,สวนหลวง,กรุงเทพมหานคร,10250.0,13.725999999999999,100.62799999999999
58,สำนักงานเขตสวนหลวง,371965000,ง,แผนงานรักษาความเป็นระเบียบเรียบร้อย: งานบริหารและบังคับการเทศกิจ,19177700,สวนหลวง,กรุงเทพมหานคร,10250.0,13.725999999999999,100.62799999999999
58,สำนักงานเขตสวนหลวง,371965000,จ,แผนงานการโยธา: งานการโยธา,25281100,สวนหลวง,กรุงเทพมหานคร,10250.0,13.725999999999999,100.62799999999999
58,สำนักงานเขตสวนหลวง,371965000,,งานการระบายน้ำและแก้ไขปัญหาน้ำท่วม,19141800,สวนหลวง,กรุงเทพมหานคร,10250.0,13.725999999999999,100.62799999999999
58,สำนักงานเขตสวนหลวง,371965000,ช,แผนงานพัฒนาสภาวะส่ิงแวดล้อม: งานปลูกและบำรุงรักษาต้นไม้,23565000,สวนหลวง,กรุงเทพมหานคร,10250.0,13.725999999999999,100.62799999999999
58,สำนักงานเขตสวนหลวง,371965000,ซ,แผนงานพัฒนาชุมชน: งานพัฒนาชุมชน,36658600,สวนหลวง,กรุงเทพมหานคร,10250.0,13.725999999999999,100.62799999999999
58,สำนักงานเขตสวนหลวง,371965000,,งานควบคุมอนามัย,6171300,สวนหลวง,กรุงเทพมหานคร,10250.0,13.725999999999999,100.62799999999999
58,สำนักงานเขตสวนหลวง,371965000,ญ,แผนงานบริหารการศึกษา: งานบริหารการศึกษา,69917300,สวนหลวง,กรุงเทพมหานคร,10250.0,13.725999999999999,100.62799999999999
59,สำนักงานเขตวัฒนา,341754000,,รายจ่ายประจำ,341754000,วัฒนา,กรุงเทพมหานคร,10110.0,13.743,100.56
59,สำนักงานเขตวัฒนา,341754000,ก,แผนงานบริหารงานปกครองและทะเบียน,32624000,วัฒนา,กรุงเทพมหานคร,10110.0,13.743,100.56
59,สำนักงานเขตวัฒนา,341754000,ข,แผนงานบริหารการคลัง,11486300,วัฒนา,กรุงเทพมหานคร,10110.0,13.743,100.56
59,สำนักงานเขตวัฒนา,341754000,ค,แผนงานรักษาความสะอาด: งานรักษาความสะอาด,137194100,วัฒนา,กรุงเทพมหานคร,10110.0,13.743,100.56
59,สำนักงานเขตวัฒนา,341754000,ง,แผนงานรักษาความเป็นระเบียบเรียบร้อย: งานบริหารและบังคับการเทศกิจ,20076300,วัฒนา,กรุงเทพมหานคร,10110.0,13.743,100.56
59,สำนักงานเขตวัฒนา,341754000,จ,แผนงานการโยธา: งานการโยธา,45319600,วัฒนา,กรุงเทพมหานคร,10110.0,13.743,100.56
59,สำนักงานเขตวัฒนา,341754000,,งานการระบายน้ำและแก้ไขปัญหาน้ำท่วม,10265700,วัฒนา,กรุงเทพมหานคร,10110.0,13.743,100.56
59,สำนักงานเขตวัฒนา,341754000,ช,แผนงานพัฒนาสภาวะส่ิงแวดล้อม: งานปลูกและบำรุงรักษาต้นไม้,12906200,วัฒนา,กรุงเทพมหานคร,10110.0,13.743,100.56
59,สำนักงานเขตวัฒนา,341754000,ซ,แผนงานพัฒนาชุมชน: งานพัฒนาชุมชน,13428600,วัฒนา,กรุงเทพมหานคร,10110.0,13.743,100.56
59,สำนักงานเขตวัฒนา,341754000,,งานควบคุมอนามัย,7651200,วัฒนา,กรุงเทพมหานคร,10110.0,13.743,100.56
59,สำนักงานเขตวัฒนา,341754000,ญ,แผนงานบริหารการศึกษา: งานบริหารการศึกษา,50802000,วัฒนา,กรุงเทพมหานคร,10110.0,13.743,100.56
60,สำนักงานเขตบางแค,477760400,,รายจ่ายประจำ,477760400,บางแค,กรุงเทพมหานคร,10160.0,13.698,100.40899999999999
60,สำนักงานเขตบางแค,477760400,ก,แผนงานบริหารงานปกครองและทะเบียน,26959100,บางแค,กรุงเทพมหานคร,10160.0,13.698,100.40899999999999
60,สำนักงานเขตบางแค,477760400,ข,แผนงานบริหารการคลัง,11313300,บางแค,กรุงเทพมหานคร,10160.0,13.698,100.40899999999999
60,สำนักงานเขตบางแค,477760400,ค,แผนงานรักษาความสะอาด: งานรักษาความสะอาด,147926300,บางแค,กรุงเทพมหานคร,10160.0,13.698,100.40899999999999
60,สำนักงานเขตบางแค,477760400,ง,แผนงานรักษาความเป็นระเบียบเรียบร้อย: งานบริหารและบังคับการเทศกิจ,23186200,บางแค,กรุงเทพมหานคร,10160.0,13.698,100.40899999999999
60,สำนักงานเขตบางแค,477760400,จ,แผนงานการโยธา: งานการโยธา,46123200,บางแค,กรุงเทพมหานคร,10160.0,13.698,100.40899999999999
60,สำนักงานเขตบางแค,477760400,,งานการระบายน้ำและแก้ไขปัญหาน้ำท่วม,33592500,บางแค,กรุงเทพมหานคร,10160.0,13.698,100.40899999999999
60,สำนักงานเขตบางแค,477760400,ช,แผนงานพัฒนาสภาวะส่ิงแวดล้อม: งานปลูกและบำรุงรักษาต้นไม้,37976000,บางแค,กรุงเทพมหานคร,10160.0,13.698,100.40899999999999
60,สำนักงานเขตบางแค,477760400,ซ,แผนงานพัฒนาชุมชน: งานพัฒนาชุมชน,27781400,บางแค,กรุงเทพมหานคร,10160.0,13.698,100.40899999999999
60,สำนักงานเขตบางแค,477760400,,งานควบคุมอนามัย,6743700,บางแค,กรุงเทพมหานคร,10160.0,13.698,100.40899999999999
60,สำนักงานเขตบางแค,477760400,ญ,แผนงานบริหารการศึกษา: งานบริหารการศึกษา,116158700,บางแค,กรุงเทพมหานคร,10160.0,13.698,100.40899999999999
61,สำนักงานเขตหลักส่ี,346889000,,รายจ่ายประจำ,346889000,หลักสี่,กรุงเทพมหานคร,10210.0,13.883,100.564
61,สำนักงานเขตหลักส่ี,346889000,ก,แผนงานบริหารงานปกครองและทะเบียน,38698900,หลักสี่,กรุงเทพมหานคร,10210.0,13.883,100.564
61,สำนักงานเขตหลักส่ี,346889000,ข,แผนงานบริหารการคลัง,10601000,หลักสี่,กรุงเทพมหานคร,10210.0,13.883,100.564
61,สำนักงานเขตหลักส่ี,346889000,ค,แผนงานรักษาความสะอาด: งานรักษาความสะอาด,111476600,หลักสี่,กรุงเทพมหานคร,10210.0,13.883,100.564
61,สำนักงานเขตหลักส่ี,346889000,ง,แผนงานรักษาความเป็นระเบียบเรียบร้อย: งานบริหารและบังคับการเทศกิจ,13082900,หลักสี่,กรุงเทพมหานคร,10210.0,13.883,100.564
61,สำนักงานเขตหลักส่ี,346889000,จ,แผนงานการโยธา: งานการโยธา,48730500,หลักสี่,กรุงเทพมหานคร,10210.0,13.883,100.564
61,สำนักงานเขตหลักส่ี,346889000,,งานการระบายน้ำและแก้ไขปัญหาน้ำท่วม,13930900,หลักสี่,กรุงเทพมหานคร,10210.0,13.883,100.564
61,สำนักงานเขตหลักส่ี,346889000,ช,แผนงานพัฒนาสภาวะส่ิงแวดล้อม: งานปลูกและบำรุงรักษาต้นไม้,22011200,หลักสี่,กรุงเทพมหานคร,10210.0,13.883,100.564
61,สำนักงานเขตหลักส่ี,346889000,ซ,แผนงานพัฒนาชุมชน: งานพัฒนาชุมชน,27961600,หลักสี่,กรุงเทพมหานคร,10210.0,13.883,100.564
61,สำนักงานเขตหลักส่ี,346889000,,งานควบคุมอนามัย,6154600,หลักสี่,กรุงเทพมหานคร,10210.0,13.883,100.564
61,สำนักงานเขตหลักส่ี,346889000,ญ,แผนงานบริหารการศึกษา: งานบริหารการศึกษา,54240800,หลักสี่,กรุงเทพมหานคร,10210.0,13.883,100.564
62,สำนักงานเขตสายไหม,418022000,,รายจ่ายประจำ,418022000,สายไหม,กรุงเทพมหานคร,10220.0,13.921,100.654
62,สำนักงานเขตสายไหม,418022000,ก,แผนงานบริหารงานปกครองและทะเบียน,30451800,สายไหม,กรุงเทพมหานคร,10220.0,13.921,100.654
62,สำนักงานเขตสายไหม,418022000,ข,แผนงานบริหารการคลัง,9787300,สายไหม,กรุงเทพมหานคร,10220.0,13.921,100.654
62,สำนักงานเขตสายไหม,418022000,ค,แผนงานรักษาความสะอาด: งานรักษาความสะอาด,100653100,สายไหม,กรุงเทพมหานคร,10220.0,13.921,100.654
62,สำนักงานเขตสายไหม,418022000,ง,แผนงานรักษาความเป็นระเบียบเรียบร้อย: งานบริหารและบังคับการเทศกิจ,13716500,สายไหม,กรุงเทพมหานคร,10220.0,13.921,100.654
62,สำนักงานเขตสายไหม,418022000,จ,แผนงานการโยธา: งานการโยธา,70118100,สายไหม,กรุงเทพมหานคร,10220.0,13.921,100.654
62,สำนักงานเขตสายไหม,418022000,,งานการระบายน้ำและแก้ไขปัญหาน้ำท่วม,19073900,สายไหม,กรุงเทพมหานคร,10220.0,13.921,100.654
62,สำนักงานเขตสายไหม,418022000,ช,แผนงานพัฒนาสภาวะส่ิงแวดล้อม: งานปลูกและบำรุงรักษาต้นไม้,18439800,สายไหม,กรุงเทพมหานคร,10220.0,13.921,100.654
62,สำนักงานเขตสายไหม,418022000,ซ,แผนงานพัฒนาชุมชน: งานพัฒนาชุมชน,35078300,สายไหม,กรุงเทพมหานคร,10220.0,13.921,100.654
62,สำนักงานเขตสายไหม,418022000,,งานควบคุมอนามัย,5305800,สายไหม,กรุงเทพมหานคร,10220.0,13.921,100.654
62,สำนักงานเขตสายไหม,418022000,ญ,แผนงานบริหารการศึกษา: งานบริหารการศึกษา,115397400,สายไหม,กรุงเทพมหานคร,10220.0,13.921,100.654
63,สำนักงานเขตคันนายาว,274038900,,รายจ่ายประจำ,274038900,คันนายาว,กรุงเทพมหานคร,10230.0,13.821,100.677
63,สำนักงานเขตคันนายาว,274038900,ก,แผนงานบริหารงานปกครองและทะเบียน,33771100,คันนายาว,กรุงเทพมหานคร,10230.0,13.821,100.677
63,สำนักงานเขตคันนายาว,274038900,ข,แผนงานบริหารการคลัง,10292500,คันนายาว,กรุงเทพมหานคร,10230.0,13.821,100.677
63,สำนักงานเขตคันนายาว,274038900,ค,แผนงานรักษาความสะอาด: งานรักษาความสะอาด,93434900,คันนายาว,กรุงเทพมหานคร,10230.0,13.821,100.677
63,สำนักงานเขตคันนายาว,274038900,ง,แผนงานรักษาความเป็นระเบียบเรียบร้อย: งานบริหารและบังคับการเทศกิจ,11691900,คันนายาว,กรุงเทพมหานคร,10230.0,13.821,100.677
63,สำนักงานเขตคันนายาว,274038900,จ,แผนงานการโยธา: งานการโยธา,30263400,คันนายาว,กรุงเทพมหานคร,10230.0,13.821,100.677
63,สำนักงานเขตคันนายาว,274038900,,งานการระบายน้ำและแก้ไขปัญหาน้ำท่วม,15713200,คันนายาว,กรุงเทพมหานคร,10230.0,13.821,100.677
63,สำนักงานเขตคันนายาว,274038900,ช,แผนงานพัฒนาสภาวะส่ิงแวดล้อม: งานปลูกและบำรุงรักษาต้นไม้,27699900,คันนายาว,กรุงเทพมหานคร,10230.0,13.821,100.677
63,สำนักงานเขตคันนายาว,274038900,ซ,แผนงานพัฒนาชุมชน: งานพัฒนาชุมชน,19530400,คันนายาว,กรุงเทพมหานคร,10230.0,13.821,100.677
63,สำนักงานเขตคันนายาว,274038900,,งานควบคุมอนามัย,6770300,คันนายาว,กรุงเทพมหานคร,10230.0,13.821,100.677
63,สำนักงานเขตคันนายาว,274038900,ญ,แผนงานบริหารการศึกษา: งานบริหารการศึกษา,24871300,คันนายาว,กรุงเทพมหานคร,10230.0,13.821,100.677
64,สำนักงานเขตสะพานสูง,335301000,,รายจ่ายประจำ,335301000,สะพานสูง,กรุงเทพมหานคร,10240.0,13.761,100.68799999999999
64,สำนักงานเขตสะพานสูง,335301000,ก,แผนงานบริหารงานปกครองและทะเบียน,22570900,สะพานสูง,กรุงเทพมหานคร,10240.0,13.761,100.68799999999999
64,สำนักงานเขตสะพานสูง,335301000,ข,แผนงานบริหารการคลัง,9435700,สะพานสูง,กรุงเทพมหานคร,10240.0,13.761,100.68799999999999
64,สำนักงานเขตสะพานสูง,335301000,ค,แผนงานรักษาความสะอาด: งานรักษาความสะอาด,74860500,สะพานสูง,กรุงเทพมหานคร,10240.0,13.761,100.68799999999999
64,สำนักงานเขตสะพานสูง,335301000,ง,แผนงานรักษาความเป็นระเบียบเรียบร้อย: งานบริหารและบังคับการเทศกิจ,12363600,สะพานสูง,กรุงเทพมหานคร,10240.0,13.761,100.68799999999999
64,สำนักงานเขตสะพานสูง,335301000,จ,แผนงานการโยธา: งานการโยธา,56597300,สะพานสูง,กรุงเทพมหานคร,10240.0,13.761,100.68799999999999
64,สำนักงานเขตสะพานสูง,335301000,,งานการระบายน้ำและแก้ไขปัญหาน้ำท่วม,24229900,สะพานสูง,กรุงเทพมหานคร,10240.0,13.761,100.68799999999999
64,สำนักงานเขตสะพานสูง,335301000,ช,แผนงานพัฒนาสภาวะส่ิงแวดล้อม: งานปลูกและบำรุงรักษาต้นไม้,24499900,สะพานสูง,กรุงเทพมหานคร,10240.0,13.761,100.68799999999999
64,สำนักงานเขตสะพานสูง,335301000,ซ,แผนงานพัฒนาชุมชน: งานพัฒนาชุมชน,54007800,สะพานสูง,กรุงเทพมหานคร,10240.0,13.761,100.68799999999999
64,สำนักงานเขตสะพานสูง,335301000,,งานควบคุมอนามัย,5720500,สะพานสูง,กรุงเทพมหานคร,10240.0,13.761,100.68799999999999
64,สำนักงานเขตสะพานสูง,335301000,ญ,แผนงานบริหารการศึกษา,51014900,สะพานสูง,กรุงเทพมหานคร,10240.0,13.761,100.68799999999999
65,สำนักงานเขตวังทองหลาง,328651000,,รายจ่ายประจำ,328651000,วังทองหลาง,กรุงเทพมหานคร,10310.0,13.779000000000002,100.609
65,สำนักงานเขตวังทองหลาง,328651000,ก,แผนงานบริหารงานปกครองและทะเบียน,26266000,วังทองหลาง,กรุงเทพมหานคร,10310.0,13.779000000000002,100.609
65,สำนักงานเขตวังทองหลาง,328651000,ข,แผนงานบริหารการคลัง,9500800,วังทองหลาง,กรุงเทพมหานคร,10310.0,13.779000000000002,100.609
65,สำนักงานเขตวังทองหลาง,328651000,ค,แผนงานรักษาความสะอาด: งานรักษาความสะอาด,120257200,วังทองหลาง,กรุงเทพมหานคร,10310.0,13.779000000000002,100.609
65,สำนักงานเขตวังทองหลาง,328651000,ง,แผนงานรักษาความเป็นระเบียบเรียบร้อย: งานบริหารและบังคับการเทศกิจ,13243600,วังทองหลาง,กรุงเทพมหานคร,10310.0,13.779000000000002,100.609
65,สำนักงานเขตวังทองหลาง,328651000,จ,แผนงานการโยธา: งานการโยธา,75970400,วังทองหลาง,กรุงเทพมหานคร,10310.0,13.779000000000002,100.609
65,สำนักงานเขตวังทองหลาง,328651000,,งานการระบายน้ำและแก้ไขปัญหาน้ำท่วม,16067600,วังทองหลาง,กรุงเทพมหานคร,10310.0,13.779000000000002,100.609
65,สำนักงานเขตวังทองหลาง,328651000,ช,แผนงานพัฒนาสภาวะส่ิงแวดล้อม: งานปลูกและบำรุงรักษาต้นไม้,19244200,วังทองหลาง,กรุงเทพมหานคร,10310.0,13.779000000000002,100.609
65,สำนักงานเขตวังทองหลาง,328651000,ซ,แผนงานพัฒนาชุมชน: งานพัฒนาชุมชน,21240400,วังทองหลาง,กรุงเทพมหานคร,10310.0,13.779000000000002,100.609
65,สำนักงานเขตวังทองหลาง,328651000,,งานควบคุมอนามัย,4550000,วังทองหลาง,กรุงเทพมหานคร,10310.0,13.779000000000002,100.609
65,สำนักงานเขตวังทองหลาง,328651000,ญ,แผนงานบริหารการศึกษา: งานบริหารการศึกษา,22310800,วังทองหลาง,กรุงเทพมหานคร,10310.0,13.779000000000002,100.609
66,สำนักงานเขตคลองสามวา,460117000,,รายจ่ายประจำ,460117000,คลองสามวา,กรุงเทพมหานคร,10510.0,13.889000000000001,100.708
66,สำนักงานเขตคลองสามวา,460117000,ก,แผนงานบริหารงานปกครองและทะเบียน,25853300,คลองสามวา,กรุงเทพมหานคร,10510.0,13.889000000000001,100.708
66,สำนักงานเขตคลองสามวา,460117000,ข,แผนงานบริหารการคลัง,11811900,คลองสามวา,กรุงเทพมหานคร,10510.0,13.889000000000001,100.708
66,สำนักงานเขตคลองสามวา,460117000,ค,แผนงานรักษาความสะอาด: งานรักษาความสะอาด,101714900,คลองสามวา,กรุงเทพมหานคร,10510.0,13.889000000000001,100.708
66,สำนักงานเขตคลองสามวา,460117000,ง,แผนงานรักษาความเป็นระเบียบเรียบร้อย: งานบริหารและบังคับการเทศกิจ,13387500,คลองสามวา,กรุงเทพมหานคร,10510.0,13.889000000000001,100.708
66,สำนักงานเขตคลองสามวา,460117000,จ,แผนงานการโยธา: งานการโยธา,74626700,คลองสามวา,กรุงเทพมหานคร,10510.0,13.889000000000001,100.708
66,สำนักงานเขตคลองสามวา,460117000,,งานการระบายน้ำและแก้ไขปัญหาน้ำท่วม,20093400,คลองสามวา,กรุงเทพมหานคร,10510.0,13.889000000000001,100.708
66,สำนักงานเขตคลองสามวา,460117000,ช,แผนงานพัฒนาสภาวะส่ิงแวดล้อม: งานปลูกและบำรุงรักษาต้นไม้,28242700,คลองสามวา,กรุงเทพมหานคร,10510.0,13.889000000000001,100.708
66,สำนักงานเขตคลองสามวา,460117000,ซ,แผนงานพัฒนาชุมชน: งานพัฒนาชุมชน,29282300,คลองสามวา,กรุงเทพมหานคร,10510.0,13.889000000000001,100.708
66,สำนักงานเขตคลองสามวา,460117000,,งานควบคุมอนามัย,5570900,คลองสามวา,กรุงเทพมหานคร,10510.0,13.889000000000001,100.708
66,สำนักงานเขตคลองสามวา,460117000,ญ,แผนงานบริหารการศึกษา,149533400,คลองสามวา,กรุงเทพมหานคร,10510.0,13.889000000000001,100.708
67,โรงเรียนวัดลำกะดาน สำนักงานเขตบางนา,67312974000,,รายจ่ายประจำ,312974000,บางนา,กรุงเทพมหานคร,10260.0,13.672,100.616
67,โรงเรียนวัดลำกะดาน สำนักงานเขตบางนา,67312974000,ก,แผนงานบริหารงานปกครองและทะเบียน,25492400,บางนา,กรุงเทพมหานคร,10260.0,13.672,100.616
67,โรงเรียนวัดลำกะดาน สำนักงานเขตบางนา,67312974000,ข,แผนงานบริหารการคลัง,9777900,บางนา,กรุงเทพมหานคร,10260.0,13.672,100.616
67,โรงเรียนวัดลำกะดาน สำนักงานเขตบางนา,67312974000,ค,แผนงานรักษาความสะอาด: งานรักษาความสะอาด,109600900,บางนา,กรุงเทพมหานคร,10260.0,13.672,100.616
67,โรงเรียนวัดลำกะดาน สำนักงานเขตบางนา,67312974000,ง,แผนงานรักษาความเป็นระเบียบเรียบร้อย: งานบริหารและบังคับการเทศกิจ,13736100,บางนา,กรุงเทพมหานคร,10260.0,13.672,100.616
67,โรงเรียนวัดลำกะดาน สำนักงานเขตบางนา,67312974000,จ,แผนงานการโยธา: งานการโยธา,32924900,บางนา,กรุงเทพมหานคร,10260.0,13.672,100.616
67,โรงเรียนวัดลำกะดาน สำนักงานเขตบางนา,67312974000,,งานการระบายน้ำและแก้ไขปัญหาน้ำท่วม,8188200,บางนา,กรุงเทพมหานคร,10260.0,13.672,100.616
67,โรงเรียนวัดลำกะดาน สำนักงานเขตบางนา,67312974000,ช,แผนงานพัฒนาสภาวะส่ิงแวดล้อม: งานปลูกและบำรุงรักษาต้นไม้,19600000,บางนา,กรุงเทพมหานคร,10260.0,13.672,100.616
67,โรงเรียนวัดลำกะดาน สำนักงานเขตบางนา,67312974000,ซ,แผนงานพัฒนาชุมชน: งานพัฒนาชุมชน,19068200,บางนา,กรุงเทพมหานคร,10260.0,13.672,100.616
67,โรงเรียนวัดลำกะดาน สำนักงานเขตบางนา,67312974000,,งานควบคุมอนามัย,5727400,บางนา,กรุงเทพมหานคร,10260.0,13.672,100.616
67,โรงเรียนวัดลำกะดาน สำนักงานเขตบางนา,67312974000,ญ,แผนงานบริหารการศึกษา: งานบริหารการศึกษา,68858000,บางนา,กรุงเทพมหานคร,10260.0,13.672,100.616
68,สำนักงานเขตทวีวัฒนา,376179600,,รายจ่ายประจำ,376179600,ทวีวัฒนา,กรุงเทพมหานคร,10170.0,13.758,100.348
68,สำนักงานเขตทวีวัฒนา,376179600,ก,แผนงานบริหารงานปกครองและทะเบียน,24384300,ทวีวัฒนา,กรุงเทพมหานคร,10170.0,13.758,100.348
68,สำนักงานเขตทวีวัฒนา,376179600,ข,แผนงานบริหารการคลัง,10018000,ทวีวัฒนา,กรุงเทพมหานคร,10170.0,13.758,100.348
68,สำนักงานเขตทวีวัฒนา,376179600,ค,แผนงานรักษาความสะอาด: งานรักษาความสะอาด,105012400,ทวีวัฒนา,กรุงเทพมหานคร,10170.0,13.758,100.348
68,สำนักงานเขตทวีวัฒนา,376179600,ง,แผนงานรักษาความเป็นระเบียบเรียบร้อย: งานบริหารและบังคับการเทศกิจ,14835700,ทวีวัฒนา,กรุงเทพมหานคร,10170.0,13.758,100.348
68,สำนักงานเขตทวีวัฒนา,376179600,จ,แผนงานการโยธา: งานการโยธา,76003600,ทวีวัฒนา,กรุงเทพมหานคร,10170.0,13.758,100.348
68,สำนักงานเขตทวีวัฒนา,376179600,,งานการระบายน้ำและแก้ไขปัญหาน้ำท่วม,10845200,ทวีวัฒนา,กรุงเทพมหานคร,10170.0,13.758,100.348
68,สำนักงานเขตทวีวัฒนา,376179600,ช,แผนงานพัฒนาสภาวะส่ิงแวดล้อม: งานปลูกและบำรุงรักษาต้นไม้,41109600,ทวีวัฒนา,กรุงเทพมหานคร,10170.0,13.758,100.348
68,สำนักงานเขตทวีวัฒนา,376179600,ซ,แผนงานพัฒนาชุมชน: งานพัฒนาชุมชน,20829200,ทวีวัฒนา,กรุงเทพมหานคร,10170.0,13.758,100.348
68,สำนักงานเขตทวีวัฒนา,376179600,,งานควบคุมอนามัย,8557000,ทวีวัฒนา,กรุงเทพมหานคร,10170.0,13.758,100.348
68,สำนักงานเขตทวีวัฒนา,376179600,ญ,แผนงานบริหารการศึกษา: งานบริหารการศึกษา,64584600,ทวีวัฒนา,กรุงเทพมหานคร,10170.0,13.758,100.348
69,สำนักงานเขตทุ่งครุ,393224000,,รายจ่ายประจำ,393224000,ทุ่งครุ,กรุงเทพมหานคร,10140.0,13.651,100.51
69,สำนักงานเขตทุ่งครุ,393224000,ก,แผนงานบริหารงานปกครองและทะเบียน,28571900,ทุ่งครุ,กรุงเทพมหานคร,10140.0,13.651,100.51
69,สำนักงานเขตทุ่งครุ,393224000,ข,แผนงานบริหารการคลัง,10107700,ทุ่งครุ,กรุงเทพมหานคร,10140.0,13.651,100.51
69,สำนักงานเขตทุ่งครุ,393224000,ค,แผนงานรักษาความสะอาด: งานรักษาความสะอาด,104100400,ทุ่งครุ,กรุงเทพมหานคร,10140.0,13.651,100.51
69,สำนักงานเขตทุ่งครุ,393224000,ง,แผนงานรักษาความเป็นระเบียบเรียบร้อย: งานบริหารและบังคับการเทศกิจ,13815300,ทุ่งครุ,กรุงเทพมหานคร,10140.0,13.651,100.51
69,สำนักงานเขตทุ่งครุ,393224000,จ,แผนงานการโยธา,98895900,ทุ่งครุ,กรุงเทพมหานคร,10140.0,13.651,100.51
69,สำนักงานเขตทุ่งครุ,393224000,,งานการระบายน้ำและแก้ไขปัญหาน้ำท่วม,13085000,ทุ่งครุ,กรุงเทพมหานคร,10140.0,13.651,100.51
69,สำนักงานเขตทุ่งครุ,393224000,ช,แผนงานพัฒนาสภาวะส่ิงแวดล้อม: งานปลูกและบำรุงรักษาต้นไม้,16023300,ทุ่งครุ,กรุงเทพมหานคร,10140.0,13.651,100.51
69,สำนักงานเขตทุ่งครุ,393224000,ซ,แผนงานพัฒนาชุมชน: งานพัฒนาชุมชน,21994200,ทุ่งครุ,กรุงเทพมหานคร,10140.0,13.651,100.51
69,สำนักงานเขตทุ่งครุ,393224000,,งานควบคุมอนามัย,5944400,ทุ่งครุ,กรุงเทพมหานคร,10140.0,13.651,100.51
69,สำนักงานเขตทุ่งครุ,393224000,ญ,แผนงานบริหารการศึกษา: งานบริหารการศึกษา,80685900,ทุ่งครุ,กรุงเทพมหานคร,10140.0,13.651,100.51
70,สำนักงานเขตบางบอน,352621000,,รายจ่ายประจำ,352621000,บางบอน,กรุงเทพมหานคร,10150.0,13.645999999999999,100.37
70,สำนักงานเขตบางบอน,352621000,ก,แผนงานบริหารงานปกครองและทะเบียน,24233900,บางบอน,กรุงเทพมหานคร,10150.0,13.645999999999999,100.37
70,สำนักงานเขตบางบอน,352621000,ข,แผนงานบริหารการคลัง,10549200,บางบอน,กรุงเทพมหานคร,10150.0,13.645999999999999,100.37
70,สำนักงานเขตบางบอน,352621000,ค,แผนงานรักษาความสะอาด: งานรักษาความสะอาด,115432400,บางบอน,กรุงเทพมหานคร,10150.0,13.645999999999999,100.37
70,สำนักงานเขตบางบอน,352621000,ง,แผนงานรักษาความเป็นระเบียบเรียบร้อย: งานบริหารและบังคับการเทศกิจ,14871300,บางบอน,กรุงเทพมหานคร,10150.0,13.645999999999999,100.37
70,สำนักงานเขตบางบอน,352621000,จ,แผนงานการโยธา: งานการโยธา,40701700,บางบอน,กรุงเทพมหานคร,10150.0,13.645999999999999,100.37
70,สำนักงานเขตบางบอน,352621000,,งานการระบายน้ำและแก้ไขปัญหาน้ำท่วม,15107200,บางบอน,กรุงเทพมหานคร,10150.0,13.645999999999999,100.37
70,สำนักงานเขตบางบอน,352621000,ช,แผนงานพัฒนาสภาวะส่ิงแวดล้อม: งานปลูกและบำรุงรักษาต้นไม้,28320300,บางบอน,กรุงเทพมหานคร,10150.0,13.645999999999999,100.37
70,สำนักงานเขตบางบอน,352621000,ซ,แผนงานพัฒนาชุมชน: งานพัฒนาชุมชน,11878200,บางบอน,กรุงเทพมหานคร,10150.0,13.645999999999999,100.37
70,สำนักงานเขตบางบอน,352621000,,งานควบคุมอนามัย,5956600,บางบอน,กรุงเทพมหานคร,10150.0,13.645999999999999,100.37
70,สำนักงานเขตบางบอน,352621000,ญ,แผนงานบริหารการศึกษา: งานบริหารการศึกษา,85570200,บางบอน,กรุงเทพมหานคร,10150.0,13.645999999999999,100.37
71,มหาวิทยาลัยนวมินทราธิราช,3134633000,,รายจ่ายประจำ,3134633000,,,,,
71,มหาวิทยาลัยนวมินทราธิราช,3134633000,ก,งานมหาวิทยาลัย,1955665500,,,,,
71,มหาวิทยาลัยนวมินทราธิราช,3134633000,ข,โครงการการอนุรักษ์อาคารวชิรานุสรณ์ (ตึกเหลือง)วิทยาลัยแพทยศาสตร์กรุงเทพมหานครและวชิรพยาบาล,37261200,,,,,
71,มหาวิทยาลัยนวมินทราธิราช,3134633000,ค,โครงการก่อสร้างอาคารผู้ป่วยนอก  ชั้นและท่ีจอดรถใต้ดินวิทยาลัยแพทยศาสตร์กรุงเทพมหานครและวชิรพยาบาล,9347490000,,,,,
71,มหาวิทยาลัยนวมินทราธิราช,3134633000,ฆ,โครงการก่อสร้างอาคารบริการวิชาการ คณะแพทยศาสตร์วชิรพยาบาลมหาวิทยาลัยนวมินทราธิราช,386066300,,,,,
71,มหาวิทยาลัยนวมินทราธิราช,3134633000,ง,โครงการก่อสร้างอาคารหอพักแพทย์ และพยาบาล คณะแพทยศาสตร์วชิรพยาบาลมหาวิทยาลัยนวมินทราธิราช,122400000,,,,,
71,มหาวิทยาลัยนวมินทราธิราช,3134633000,จ,โครงการก่อสร้างอาคารเวชภัณฑ์กลาง คณะแพทยศาสตร์วชิรพยาบาล มหาวิทยาลัยนวมินทราธิราช,15340000,,,,,
71,มหาวิทยาลัยนวมินทราธิราช,3134633000,ช,โครงการก่อสร้างอาคารศูนย์มะเร็งเฉลิมพระเกียรติคณะแพทยศาสตร์วชิรพยาบาล มหาวิทยาลัยนวมินทราธิราช,120000000,,,,,
71,มหาวิทยาลัยนวมินทราธิราช,3134633000,ซ,โครงการก่อสร้างสถานีไฟฟ้าย่อยและระบบโครงข่ายไฟฟ้า พร้อมติดตั้ง,112500000,,,,,
71,มหาวิทยาลัยนวมินทราธิราช,3134633000,ญ,โครงการปรับปรุงอาคารหอพักแพทย์ พยาบาลและบุคลากรของคณะแพทยศาสตร์วชิรพยาบาล ซอยสุโขทัย,1026910000,,,,,
71,มหาวิทยาลัยนวมินทราธิราช,3134633000,ฎ,โครงการก่อสร้างอาคารบริการวิชาการ คณะแพทยศาสตร์วชิรพยาบาล มหาวิทยาลัยนวมินทราธิราช  ระยะท่ี,210000000,,,,,
71,มหาวิทยาลัยนวมินทราธิราช,3134633000,ฏ,โครงการก่อสร้างอาคารสถานพยาบาลบางบอน,1000000,,,,,
